time_s,train_id,position_m,P_req_W
0.0,Train1,0.0,20000.0
1.0,Train1,0.5714285714285714,20000.0
2.0,Train1,1.3424657534246576,153161.6
3.0,Train1,2.928571428571428,640819.8
4.0,Train1,5.216216216216216,909306.7
5.0,Train1,8.133333333333335,1110818.5
6.0,Train1,11.730769230769234,1294257.3000000003
7.0,Train1,15.954545454545462,1482297.0999999999
8.0,Train1,20.842105263157908,1661212.4000000001
9.0,Train1,26.35294117647061,1830642.3000000003
10.0,Train1,32.53333333333335,1993012.0
11.0,Train1,39.35714285714289,2148231.7
12.0,Train1,46.84615384615388,2302805.6
13.0,Train1,55.00000000000004,2474424.4000000004
14.0,Train1,63.727272727272776,2646983.3
15.0,Train1,73.20000000000006,2817382.2000000007
16.0,Train1,83.22222222222227,2985047.7
17.0,Train1,94.00000000000007,3149752.3000000003
18.0,Train1,105.33333333333344,3311007.3000000007
19.0,Train1,117.37500000000009,3469506.7
20.0,Train1,130.00000000000009,3624670.1999999997
21.0,Train1,143.28571428571436,3776539.9
22.0,Train1,157.2857142857144,3925361.3
23.0,Train1,171.85714285714295,4070746.000000001
24.0,Train1,187.16666666666683,4212864.100000001
25.0,Train1,203.0000000000001,4355990.3
26.0,Train1,219.66666666666683,4500850.399999999
27.0,Train1,236.83333333333348,4561520.699999999
28.0,Train1,254.66666666666683,4591178.100000001
29.0,Train1,273.16666666666686,4612270.4
30.0,Train1,292.2000000000003,4625515.900000001
31.0,Train1,311.8000000000002,4631521.000000001
32.0,Train1,332.0000000000002,4630883.0
33.0,Train1,352.8000000000003,4624138.5
34.0,Train1,374.2000000000003,4611810.4
35.0,Train1,396.0000000000003,3753446.9000000097
36.0,Train1,418.2500000000003,149650.0
37.0,Train1,440.6000000000003,149650.0
38.0,Train1,462.80000000000035,149649.99999999997
39.0,Train1,485.00000000000045,149650.0
40.0,Train1,507.2500000000003,149650.0
41.0,Train1,529.5000000000003,149650.00000000003
42.0,Train1,551.8000000000004,149649.99999999997
43.0,Train1,574.0000000000005,149650.0
44.0,Train1,596.2500000000005,149650.0
45.0,Train1,618.5000000000005,149650.0
46.0,Train1,640.7500000000005,149650.00000000003
47.0,Train1,663.0000000000003,149650.0
48.0,Train1,685.2500000000005,149650.0
49.0,Train1,707.5000000000006,149650.0
50.0,Train1,729.7500000000006,-1819860.200000008
51.0,Train1,751.8000000000006,-2905786.499999999
52.0,Train1,773.4000000000007,-2815517.5000000005
53.0,Train1,794.6000000000006,-2725619.200000001
54.0,Train1,815.0000000000006,-2636429.4
55.0,Train1,835.0000000000008,-2548138.1000000006
56.0,Train1,854.5000000000007,-2460718.1
57.0,Train1,873.4000000000008,-2374047.9000000004
58.0,Train1,891.8000000000008,-2288181.0999999996
59.0,Train1,909.6666666666673,-2203217.8000000003
60.0,Train1,927.0000000000008,-2118133.8
61.0,Train1,943.6666666666673,-2033425.1
62.0,Train1,960.0000000000009,-1950928.7
63.0,Train1,975.6666666666674,-1870627.1000000003
64.0,Train1,990.7142857142866,-1791880.2
65.0,Train1,1005.4285714285714,-1713798.1000000003
66.0,Train1,1019.4285714285699,-1637597.5
67.0,Train1,1032.999999999997,-1562940.9
68.0,Train1,1045.9999999999957,-1489877.6
69.0,Train1,1058.499999999994,-1418068.7
70.0,Train1,1070.374999999993,-1347582.8
71.0,Train1,1081.7777777777694,-1278383.2
72.0,Train1,1092.6666666666572,-1210377.7999999998
73.0,Train1,1102.9999999999893,-1143146.0999999999
74.0,Train1,1112.727272727261,-1077063.8
75.0,Train1,1121.9999999999873,-1011632.6
76.0,Train1,1130.6666666666529,-947059.1000000001
77.0,Train1,1138.8461538461393,-870309.6000000002
78.0,Train1,1146.4999999999845,-788266.1999999996
79.0,Train1,1153.5999999999838,-708896.3999999999
80.0,Train1,1160.124999999983,-632432.6999999998
81.0,Train1,1166.1764705882179,-557716.8999999999
82.0,Train1,1171.649999999982,-487251.8999999999
83.0,Train1,1176.6190476190288,-421141.6
84.0,Train1,1181.0399999999806,-357972.7999999998
85.0,Train1,1184.925925925906,-302424.8
86.0,Train1,1188.2424242424042,-252192.89999999988
87.0,Train1,1191.0731707316868,-187713.79999999958
88.0,Train1,1193.3673469387547,-118310.9999999999
89.0,Train1,1195.2459016393234,-69783.79999999984
90.0,Train1,1196.7714285714076,-37699.7999999999
91.0,Train1,1198.0303030302819,-13415.199999999888
92.0,Train1,1199.0317460317249,3980.0
92.0,Train2,4654.657534246466,153161.599999999
93.0,Train1,1199.8253968253755,16967.00000000002
93.0,Train2,4653.071428571318,640819.799999998
94.0,Train1,1200.4406779660803,20766.40000000007
94.0,Train2,4650.783783783674,909306.6999999998
95.0,Train1,1201.0029325512983,34270.0
95.0,Train2,4647.866666666557,1110818.4999999993
96.0,Train1,1201.296187683263,34270.0
96.0,Train2,4644.26923076912,1294257.3000000003
97.0,Train1,1201.5894428152278,34270.0
97.0,Train2,4640.045454545345,1482297.0999999996
98.0,Train1,1201.8826979471926,40617.99999999994
98.0,Train2,4635.1578947367325,1661212.4
99.0,Train1,1202.1307189542267,44850.0
99.0,Train2,4629.64705882342,1830642.2999999998
100.0,Train1,1202.348583877974,44850.0
100.0,Train2,4623.466666666556,1993012.0
101.0,Train1,1202.5664488017212,44850.0
101.0,Train2,4616.642857142747,2148231.6999999997
102.0,Train1,1202.7843137254686,44925.70000000003
102.0,Train2,4609.153846153736,2302805.6
103.0,Train1,1202.9999999999784,52420.0
103.0,Train2,4600.99999999989,2474424.4000000004
104.0,Train1,1202.9999999999784,52420.0
104.0,Train2,4592.272727272617,2646983.3000000003
105.0,Train1,1202.9999999999784,52420.0
105.0,Train2,4582.79999999989,2817382.2000000007
106.0,Train1,1202.9999999999784,52420.0
106.0,Train2,4572.777777777667,2985047.7000000007
107.0,Train1,1202.9999999999784,52420.0
107.0,Train2,4561.99999999989,3149752.3
108.0,Train1,1202.9999999999784,52420.0
108.0,Train2,4550.666666666557,3311007.3000000003
109.0,Train1,1202.9999999999784,52420.0
109.0,Train2,4538.62499999989,3469506.6999999997
110.0,Train1,1202.9999999999784,52420.0
110.0,Train2,4525.99999999989,3624670.1999999997
111.0,Train1,1202.9999999999784,52420.0
111.0,Train2,4512.714285714175,3776539.9
112.0,Train1,1202.9999999999784,52420.0
112.0,Train2,4498.714285714175,3925361.3
113.0,Train1,1202.9999999999784,52420.0
113.0,Train2,4484.142857142747,4070745.9999999995
114.0,Train1,1202.9999999999784,52420.0
114.0,Train2,4468.833333333223,1610657.9000000185
115.0,Train1,1202.9999999999784,52420.0
115.0,Train2,4453.142857142747,108430.00000000003
116.0,Train1,1202.9999999999784,52420.0
116.0,Train2,4437.333333333223,108430.00000000003
117.0,Train1,1202.9999999999784,52420.0
117.0,Train2,4421.49999999989,108430.00000000003
118.0,Train1,1202.9999999999784,52420.0
118.0,Train2,4405.714285714175,108430.00000000001
119.0,Train1,1202.9999999999784,52420.0
119.0,Train2,4389.99999999989,108430.00000000003
120.0,Train1,1202.9999999999784,52420.0
120.0,Train2,4374.166666666557,108430.00000000001
121.0,Train1,1202.9999999999784,52420.0
121.0,Train2,4358.4285714284615,108430.00000000003
122.0,Train1,1202.9999999999784,52420.0
122.0,Train2,4342.666666666557,108430.00000000001
123.0,Train1,1202.9999999999784,52420.0
123.0,Train2,4326.833333333223,108430.00000000004
124.0,Train1,1202.9999999999784,52420.0
124.0,Train2,4311.142857142747,108430.00000000001
125.0,Train1,1202.9999999999784,52420.0
125.0,Train2,4295.333333333224,108430.00000000004
126.0,Train1,1202.9999999999784,52420.0
126.0,Train2,4279.49999999989,108430.00000000004
127.0,Train1,1202.9999999999784,52420.0
127.0,Train2,4263.714285714175,108430.00000000003
128.0,Train1,1202.9999999999784,52420.0
128.0,Train2,4247.99999999989,108430.00000000004
129.0,Train1,1202.9999999999784,52420.0
129.0,Train2,4232.166666666556,108430.00000000003
130.0,Train1,1202.9999999999784,52420.0
130.0,Train2,4216.4285714284615,108430.00000000003
131.0,Train1,1202.9999999999784,52420.0
131.0,Train2,4200.666666666556,108430.00000000001
132.0,Train1,1202.9999999999784,52095.800000000294
132.0,Train2,4184.833333333224,108430.00000000004
133.0,Train1,1203.0057142856926,20000.0
133.0,Train2,4168.99999999989,108430.00000000004
134.0,Train1,1203.577142857121,20000.0
134.0,Train2,4153.285714285605,108430.00000000003
135.0,Train1,1204.3561643835399,155722.40000000029
135.0,Train2,4137.49999999989,108430.00000000004
136.0,Train1,1205.9636363636143,649240.7999999961
136.0,Train2,4121.714285714175,108430.00000000003
137.0,Train1,1208.243243243221,912807.7999999997
137.0,Train2,4105.99999999989,108430.00000000004
138.0,Train1,1211.1935483870743,1112357.4999999995
138.0,Train2,4090.1666666665565,108430.00000000003
139.0,Train1,1214.7692307692078,1296038.1999999993
139.0,Train2,4074.333333333223,108430.00000000003
140.0,Train1,1218.9999999999766,1484989.4999999998
140.0,Train2,4058.5714285713175,108430.00000000003
141.0,Train1,1223.894736842081,1663427.5999999992
141.0,Train2,4042.8333333332225,108430.00000000004
142.0,Train1,1229.4117647058579,1832780.4999999998
142.0,Train2,4026.999999999889,108430.00000000004
143.0,Train1,1235.6249999999748,1994859.9999999998
143.0,Train2,4011.2857142856037,108430.00000000003
144.0,Train1,1242.4285714285454,2150078.7
144.0,Train2,3995.49999999989,108430.00000000004
145.0,Train1,1249.92307692305,2304795.000000001
145.0,Train2,3979.6666666665565,108430.00000000003
146.0,Train1,1258.0833333333055,2476205.4000000004
146.0,Train2,3963.8571428570326,108430.00000000004
147.0,Train1,1266.8181818181533,2649539.0
147.0,Train2,3948.166666666556,108430.00000000003
148.0,Train1,1276.2999999999702,2819720.000000001
148.0,Train2,3932.333333333223,108430.00000000003
149.0,Train1,1286.399999999969,2986899.0000000005
149.0,Train2,3916.571428571318,108430.00000000003
150.0,Train1,1297.111111111079,3151606.8
150.0,Train2,3900.833333333223,108430.00000000003
151.0,Train1,1308.4999999999666,3313006.8999999994
151.0,Train2,3884.9999999998895,108430.00000000004
152.0,Train1,1320.4999999999654,3471235.4
152.0,Train2,3869.285714285604,108430.00000000003
153.0,Train1,1333.1428571428212,3626629.4
153.0,Train2,3853.49999999989,108430.00000000004
154.0,Train1,1346.4999999999625,3778371.0999999996
154.0,Train2,3837.666666666556,108430.00000000003
155.0,Train1,1360.4285714285327,3111778.1999999695
155.0,Train2,3821.857142857032,108430.00000000004
156.0,Train1,1374.9999999999593,103210.00000000001
156.0,Train2,3806.142857142746,108430.00000000004
157.0,Train1,1389.8571428571008,103210.0
157.0,Train2,3790.333333333222,108430.00000000003
158.0,Train1,1404.5714285713846,103210.00000000001
158.0,Train2,3774.571428571318,108430.00000000003
159.0,Train1,1419.333333333288,103210.0
159.0,Train2,3758.8333333332225,108430.00000000003
160.0,Train1,1434.1428571428098,103210.00000000001
160.0,Train2,3742.999999999889,108430.00000000004
161.0,Train1,1448.8571428570942,103210.0
161.0,Train2,3727.166666666556,108430.00000000004
162.0,Train1,1463.666666666616,103210.00000000001
162.0,Train2,3711.4285714284606,108430.00000000001
163.0,Train1,1478.4285714285195,103210.00000000001
163.0,Train2,3695.666666666556,108430.00000000003
164.0,Train1,1493.1428571428032,103210.00000000001
164.0,Train2,3679.857142857032,108430.00000000004
165.0,Train1,1507.8571428570876,103210.00000000003
165.0,Train2,3664.142857142746,108430.00000000004
166.0,Train1,1522.714285714229,103210.00000000001
166.0,Train2,3648.3333333332234,108430.00000000001
167.0,Train1,1537.428571428513,103210.0
167.0,Train2,3632.4999999998918,108430.00000000001
168.0,Train1,1552.1666666666067,103210.00000000001
168.0,Train2,3616.7142857141794,108430.00000000003
169.0,Train1,1566.9999999999382,103210.00000000001
169.0,Train2,3600.9999999998954,108430.00000000004
170.0,Train1,1581.7142857142223,103210.00000000001
170.0,Train2,3585.1666666665637,108430.00000000004
171.0,Train1,1596.499999999935,103210.00000000001
171.0,Train2,3569.42857142847,108430.00000000003
172.0,Train1,1611.2857142856476,103210.00000000001
172.0,Train2,3553.6666666665674,108430.00000000003
173.0,Train1,1625.9999999999316,103210.00000000001
173.0,Train2,3537.8333333332357,108430.00000000004
174.0,Train1,1640.8333333332635,103210.00000000001
174.0,Train2,3522.142857142761,108430.00000000004
175.0,Train1,1655.5714285713568,103210.00000000001
175.0,Train2,3506.333333333239,108430.00000000001
176.0,Train1,1670.2857142856412,103210.00000000001
176.0,Train2,3490.4999999999072,108430.00000000001
177.0,Train1,1684.9999999999252,103210.00000000001
177.0,Train2,3474.714285714195,108430.00000000003
178.0,Train1,1699.8571428570665,103210.00000000001
178.0,Train2,3458.999999999911,108457.6
179.0,Train1,1714.5714285713507,103210.00000000001
179.0,Train2,3443.166666666579,108469.99999999997
180.0,Train1,1729.333333333254,103210.0
180.0,Train2,3427.3333333332475,108469.99999999999
180.0,Train3,0.0,20000.0
181.0,Train1,1744.142857142776,103210.00000000001
181.0,Train2,3411.6666666665833,108469.99999999999
181.0,Train3,0.4405286343612315,20000.0
182.0,Train1,1758.8571428570601,103210.0
182.0,Train2,3395.8333333332516,108470.0
182.0,Train3,0.881057268722463,20000.0
183.0,Train1,1773.666666666582,103210.00000000001
183.0,Train2,3379.9999999999195,108470.0
183.0,Train3,1.776595744680842,139061.19999999792
184.0,Train1,1788.4285714284854,84125.50000001736
184.0,Train2,3364.285714285636,108470.0
184.0,Train3,3.116666666666656,335893.9999999999
185.0,Train1,1803.1428571427691,-1768274.8
185.0,Train2,3348.499999999923,108469.99999999999
185.0,Train3,4.870370370370381,447772.4999999998
186.0,Train1,1817.571428571339,-1690702.9999999998
186.0,Train2,3332.666666666592,108469.99999999999
186.0,Train3,7.0,546962.3999999997
187.0,Train1,1831.5714285713375,-1614886.5000000002
187.0,Train2,3316.8571428570694,108469.99999999999
187.0,Train3,9.540540540540546,630554.7000000003
188.0,Train1,1844.874999999908,-1540630.4000000004
188.0,Train2,3301.1428571427846,108470.0
188.0,Train3,12.468750000000032,708087.4000000006
189.0,Train1,1857.749999999906,-1467992.9000000001
189.0,Train2,3285.3333333332635,108470.00000000001
189.0,Train3,15.758620689655196,778584.0000000002
190.0,Train1,1869.999999999905,-1396694.5
190.0,Train2,3269.499999999932,108470.0
190.0,Train3,19.461538461538506,842565.7000000004
191.0,Train1,1881.7777777776812,-1326693.9000000001
191.0,Train2,3253.7142857142194,108470.0
191.0,Train3,23.541666666666643,904052.5999999997
192.0,Train1,1892.9999999999022,-1257701.6000000008
192.0,Train2,3237.9999999999354,108470.0
192.0,Train3,28.000000000000018,963540.3999999999
193.0,Train1,1903.6999999999011,-1189998.5
193.0,Train2,3222.1666666666038,108469.99999999997
193.0,Train3,32.85000000000001,1018903.7000000001
194.0,Train1,1913.8999999999,-1123107.3999999997
194.0,Train2,3206.333333333272,108470.0
194.0,Train3,38.11111111111119,1073425.1
195.0,Train1,1923.499999999899,-1057275.0
195.0,Train2,3190.5714285713693,108470.0
195.0,Train3,43.764705882353006,1133524.6999999997
196.0,Train1,1932.5833333332312,-992203.9999999999
196.0,Train2,3174.8333333332757,108470.0
196.0,Train3,49.764705882353006,1193912.3000000005
197.0,Train1,1941.1538461537432,-925905.3999999997
197.0,Train2,3158.999999999944,108470.0
197.0,Train3,56.200000000000045,1252942.7999999996
198.0,Train1,1949.1538461537423,-845223.7999999998
198.0,Train2,3143.1666666666124,108469.99999999997
198.0,Train3,63.00000000000004,1310906.3000000003
199.0,Train1,1956.61538461528,-763814.5
199.0,Train2,3127.428571428519,108469.99999999997
199.0,Train3,70.15384615384625,1367406.7999999998
200.0,Train1,1963.5333333332278,-685687.2999999999
200.0,Train2,3111.666666666616,108469.99999999999
200.0,Train3,77.76923076923082,1422768.8000000003
201.0,Train1,1969.9374999998938,-609655.7999999999
201.0,Train2,3095.857142857094,-2484533.299999993
201.0,Train3,85.75000000000006,1482889.9
202.0,Train1,1975.8235294116578,-536157.5000000002
202.0,Train2,3080.428571428524,-2501837.5
202.0,Train3,94.08333333333333,1546772.2999999996
203.0,Train1,1981.1499999998928,-466855.7000000001
203.0,Train2,3065.7142857142403,-2354589.800000001
203.0,Train3,102.81818181818181,1610280.1
204.0,Train1,1985.909090908983,-401330.30000000016
204.0,Train2,3051.7142857142417,-2212453.4
204.0,Train3,111.90909090909106,1673094.4000000006
205.0,Train1,1990.1923076921992,-340570.8000000003
205.0,Train2,3038.4999999999573,-2073711.3
205.0,Train3,121.4545454545456,1735302.9999999998
206.0,Train1,1993.896551724029,-287067.1
206.0,Train2,3025.8749999999586,-1938667.0999999999
206.0,Train3,131.33333333333343,1797331.3999999994
207.0,Train1,1997.0857142856053,-235702.19999999963
207.0,Train2,3013.99999999996,-1807865.0999999999
207.0,Train3,141.66666666666674,1858676.9999999998
208.0,Train1,1999.731707316964,-165886.3000000006
208.0,Train2,3002.88888888885,-1678758.699999999
208.0,Train3,152.33333333333346,1919354.1999999997
209.0,Train1,2001.8979591835641,-100397.50000000047
209.0,Train2,2992.4999999999623,-1553728.9000000001
209.0,Train3,163.33333333333346,1979745.9000000004
210.0,Train1,2003.6612903224711,-59410.400000000125
210.0,Train2,2982.799999999964,-1431795.3
210.0,Train3,174.7777777777778,2039521.1
211.0,Train1,2005.109756097451,-27569.799999999792
211.0,Train2,2973.8181818181465,-1313060.6999999993
211.0,Train3,186.6250000000002,2098729.9999999995
212.0,Train1,2006.2673267325633,-8087.0000000001655
212.0,Train2,2965.4999999999654,-1180196.499999999
212.0,Train3,198.87500000000023,2157508.7
213.0,Train1,2007.20312499989,5270.0
213.0,Train2,2957.928571428538,-1036409.9999999998
213.0,Train3,211.50000000000017,2216083.0
214.0,Train1,2007.98437499989,21381.19999999983
214.0,Train2,2951.0666666666334,-899296.3000000003
214.0,Train3,224.50000000000017,2274825.2
215.0,Train1,2008.5355191255728,23723.000000000076
215.0,Train2,2944.9444444444116,-768745.8999999998
215.0,Train3,237.85714285714312,2333902.2999999993
216.0,Train1,2009.0397877982982,35130.0
216.0,Train2,2939.526315789442,-646985.8999999994
216.0,Train3,251.5714285714287,2392753.5999999996
217.0,Train1,2009.3050397876882,35130.0
217.0,Train2,2934.82608695649,-531975.3
217.0,Train3,265.71428571428584,2451315.0
218.0,Train1,2009.570291777078,35130.0
218.0,Train2,2930.8214285713975,-432498.0000000001
218.0,Train3,280.2857142857145,2509289.0000000005
219.0,Train1,2009.835543766468,39066.79999999995
219.0,Train2,2927.5294117646754,-345397.5000000002
219.0,Train3,295.28571428571456,2566831.5000000005
220.0,Train1,2010.0865603643545,45490.0
220.0,Train2,2924.93749999997,-221780.49999999977
220.0,Train3,310.5714285714287,2623785.7
221.0,Train1,2010.314350797156,45490.0
221.0,Train2,2922.984126984097,-120550.40000000023
221.0,Train3,326.28571428571456,2680363.1999999993
222.0,Train1,2010.542141229958,45490.0
222.0,Train2,2921.5128205127903,-66264.00000000023
222.0,Train3,342.3333333333337,2737228.0
223.0,Train1,2010.7699316627597,45490.0
223.0,Train2,2920.39999999997,-29348.000000000196
223.0,Train3,358.83333333333377,2793920.4999999995
224.0,Train1,2010.9977220955616,52835.80000000007
224.0,Train2,2919.589041095861,-11614.000000000393
224.0,Train3,375.6666666666668,2845737.1000000006
225.0,Train1,2010.9999999998895,52910.0
225.0,Train2,2918.961538461509,13240.0
225.0,Train3,393.0000000000003,2866244.2999999993
226.0,Train1,2010.9999999998895,52910.0
226.0,Train2,2918.686813186784,13240.0
226.0,Train3,410.5000000000002,2878999.1999999997
227.0,Train1,2010.9999999998895,52910.0
227.0,Train2,2918.4120879120587,13240.0
227.0,Train3,428.60000000000025,2889831.3000000003
228.0,Train1,2010.9999999998895,52910.0
228.0,Train2,2918.137362637334,24875.0
228.0,Train3,447.00000000000034,2898817.4000000004
229.0,Train1,2010.9999999998895,52910.0
229.0,Train2,2917.791666666638,36510.0
229.0,Train3,465.60000000000025,2906056.5999999996
230.0,Train1,2010.9999999998895,52910.0
230.0,Train2,2917.374999999971,38218.999999999905
230.0,Train3,484.8000000000006,2911633.5999999996
231.0,Train1,2010.9999999998895,52910.0
231.0,Train2,2916.999999999971,53600.0
231.0,Train3,504.2000000000002,2915630.899999999
232.0,Train1,2010.9999999998895,52910.0
232.0,Train2,2916.999999999971,53600.0
232.0,Train3,524.0000000000003,2918132.7999999993
233.0,Train1,2010.9999999998895,52910.0
233.0,Train2,2916.999999999971,53600.0
233.0,Train3,544.2000000000003,2919210.499999999
234.0,Train1,2010.9999999998895,52910.0
234.0,Train2,2916.999999999971,53600.0
234.0,Train3,564.6000000000003,2918935.3
235.0,Train1,2010.9999999998895,52910.0
235.0,Train2,2916.999999999971,53600.0
235.0,Train3,585.4000000000005,2917380.1999999997
236.0,Train1,2010.9999999998895,52910.0
236.0,Train2,2916.999999999971,53600.0
236.0,Train3,606.6000000000004,2914606.6999999993
237.0,Train1,2010.9999999998895,52910.0
237.0,Train2,2916.999999999971,53600.0
237.0,Train3,628.0000000000005,2910684.1
238.0,Train1,2010.9999999998895,52910.0
238.0,Train2,2916.999999999971,53600.0
238.0,Train3,649.8000000000005,2905667.0000000005
239.0,Train1,2010.9999999998895,52910.0
239.0,Train2,2916.999999999971,53600.0
239.0,Train3,671.8000000000006,177072.49999997497
240.0,Train1,2010.9999999998895,52910.0
240.0,Train2,2916.999999999971,53600.0
240.0,Train3,694.0000000000005,149540.0
241.0,Train1,2010.9999999998895,52910.0
241.0,Train2,2916.999999999971,53600.0
241.0,Train3,716.2500000000003,149540.00000000003
242.0,Train1,2010.9999999998895,52910.0
242.0,Train2,2916.999999999971,53600.0
242.0,Train3,738.5000000000007,149540.0
243.0,Train1,2010.9999999998895,52910.0
243.0,Train2,2916.999999999971,53600.0
243.0,Train3,760.7500000000008,149540.00000000003
244.0,Train1,2010.9999999998895,52910.0
244.0,Train2,2916.999999999971,53600.0
244.0,Train3,783.0000000000005,149540.0
245.0,Train1,2010.9999999998895,52910.0
245.0,Train2,2916.999999999971,53600.0
245.0,Train3,805.2000000000004,149540.00000000003
246.0,Train1,2010.9999999998895,52910.0
246.0,Train2,2916.999999999971,53600.0
246.0,Train3,827.5000000000006,149540.0
247.0,Train1,2010.9999999998895,52910.0
247.0,Train2,2916.999999999971,53600.0
247.0,Train3,849.7500000000008,149540.00000000003
248.0,Train1,2010.9999999998895,52910.0
248.0,Train2,2916.999999999971,53600.0
248.0,Train3,872.0000000000007,149540.0
249.0,Train1,2010.9999999998895,52910.0
249.0,Train2,2916.999999999971,53600.0
249.0,Train3,894.2000000000005,149540.00000000003
250.0,Train1,2010.9999999998895,52910.0
250.0,Train2,2916.999999999971,53600.0
250.0,Train3,916.4000000000004,-3285946.499999982
251.0,Train1,2010.9999999998895,52910.0
251.0,Train2,2916.999999999971,53600.0
251.0,Train3,938.4000000000004,-4862547.5
252.0,Train1,2010.9999999998895,52910.0
252.0,Train2,2916.999999999971,53600.0
252.0,Train3,959.5000000000009,-4630139.699999998
253.0,Train1,2010.9999999998895,52910.0
253.0,Train2,2916.999999999971,53600.0
253.0,Train3,979.800000000001,-4398602.999999999
254.0,Train1,2010.9999999998895,20329.0999999997
254.0,Train2,2916.999999999971,53600.0
254.0,Train3,999.1666666666674,-4169649.800000001
255.0,Train1,2011.5624999998895,20000.0
255.0,Train2,2916.999999999971,53600.0
255.0,Train3,1017.5999999999989,-3943335.6999999993
256.0,Train1,2012.3194444443338,150600.79999999766
256.0,Train2,2916.999999999971,53600.0
256.0,Train3,1035.1666666666633,-3719269.399999999
257.0,Train1,2013.9107142856035,633956.6999999986
257.0,Train2,2916.999999999971,53600.0
257.0,Train3,1051.8333333333285,-3491194.299999998
258.0,Train1,2016.1842105262049,906279.1999999997
258.0,Train2,2916.999999999971,53600.0
258.0,Train3,1067.6666666666601,-3253952.6
259.0,Train1,2019.0999999998885,1108286.6000000017
259.0,Train2,2916.999999999971,53600.0
259.0,Train3,1082.5714285714205,-3021149.7000000007
260.0,Train1,2022.6799999998882,1292476.4000000013
260.0,Train2,2916.999999999971,50239.99999999923
260.0,Train3,1096.571428571419,-2793924.999999999
261.0,Train1,2026.9090909089787,1480383.3000000007
261.0,Train2,2916.942857142828,20000.0
261.0,Train3,1109.7142857142746,-2569587.9000000022
262.0,Train1,2031.7499999998872,1658674.499999999
262.0,Train2,2916.3714285713995,20000.0
262.0,Train3,1121.8888888888762,-2355029.8000000003
263.0,Train1,2037.2941176469456,1829034.0999999996
263.0,Train2,2915.5205479451765,196612.40000000183
263.0,Train3,1133.222222222208,-2148552.8
264.0,Train1,2043.4666666665528,1990918.1000000013
264.0,Train2,2913.872340425503,676033.1000000052
264.0,Train3,1143.699999999985,-1948630.300000001
265.0,Train1,2050.2857142855996,2146591.8000000007
265.0,Train2,2911.5135135134847,931068.7000000019
265.0,Train3,1153.2727272727109,-1755646.4999999995
266.0,Train1,2057.7692307691154,2300389.4000000004
266.0,Train2,2908.533333333305,1127619.0999999987
266.0,Train3,1161.9166666666495,-1557517.899999997
267.0,Train1,2065.833333333217,2471827.8
267.0,Train2,2904.8799999999724,1314390.6999999986
267.0,Train3,1169.6923076922897,-1335814.4000000006
268.0,Train1,2074.636363636246,2644801.499999999
268.0,Train2,2900.5909090908817,1500089.1999999997
268.0,Train3,1176.5624999999814,-1123924.5999999999
269.0,Train1,2083.9999999998813,2815371.9999999995
269.0,Train2,2895.631578947341,1677476.0999999996
269.0,Train3,1182.555555555536,-924624.6999999974
270.0,Train1,2094.0999999998803,2982876.600000002
270.0,Train2,2890.0588235293853,1847464.6999999995
270.0,Train3,1187.6363636363437,-741438.0999999975
271.0,Train1,2104.777777777657,3147299.6
271.0,Train2,2883.7999999999747,2008511.1
271.0,Train3,1191.8461538461333,-580946.0000000007
272.0,Train1,2116.2222222221003,3309009.3999999985
272.0,Train2,2876.9285714285465,2163900.600000004
272.0,Train3,1195.1621621621412,-437680.5000000024
273.0,Train1,2128.222222222099,3467141.9999999995
273.0,Train2,2869.384615384591,2318380.2000000034
273.0,Train3,1197.5833333333123,-261306.79999999644
273.0,Train4,4.654223404255209,139061.20000000185
274.0,Train1,2140.8749999998754,3622591.6999999993
274.0,Train2,2861.181818181795,2491231.1999999993
274.0,Train3,1199.3013698629925,-136603.09999999934
274.0,Train4,4.6528833333332225,335894.000000002
275.0,Train1,2154.1428571427305,3774814.5000000005
275.0,Train2,2852.3636363636147,2664049.5000000005
275.0,Train3,1200.4899999999786,-70613.89999999947
275.0,Train4,4.65112962962952,447772.4999999998
276.0,Train1,2168.142857142729,3923651.5
276.0,Train2,2842.899999999979,2834243.4999999995
276.0,Train3,1201.2848837209087,-40580.0
276.0,Train4,4.64899999999989,546962.3999999987
277.0,Train1,2182.7142857141566,4069046.299999999
277.0,Train2,2832.6999999999803,3001394.2000000016
277.0,Train3,1201.8662790697458,-5113.800000000838
277.0,Train4,4.64645945945935,630554.6999999995
278.0,Train1,2197.999999999869,4211001.800000002
278.0,Train2,2821.9999999999804,3165739.6
278.0,Train3,1202.2532894736626,5480.0
278.0,Train4,4.6435312499998895,708087.3999999998
279.0,Train1,2213.8333333332007,4353941.199999999
279.0,Train2,2810.4999999999827,3326784.399999999
279.0,Train3,1202.5822368420836,5480.0
279.0,Train4,4.640241379310234,778583.9999999998
280.0,Train1,2230.3333333331984,4499304.7
280.0,Train2,2798.374999999983,3484803.8000000003
280.0,Train3,1202.9111842105046,31774.600000000657
280.0,Train4,4.6365384615383505,842565.7000000004
281.0,Train1,2247.5999999998635,4561083.4
281.0,Train2,2785.714285714271,3639738.799999999
281.0,Train3,1202.9999999999784,41500.0
281.0,Train4,4.632458333333224,904052.6000000006
282.0,Train1,2265.3999999998614,4590833.7
282.0,Train2,2772.2857142857006,3791465.000000001
282.0,Train3,1202.9999999999784,41500.0
282.0,Train4,4.62799999999989,963540.4000000001
283.0,Train1,2283.833333333193,4612046.0
283.0,Train2,2758.2857142857024,3939812.3999999994
283.0,Train3,1202.9999999999784,41500.0
283.0,Train4,4.623149999999889,1018903.6999999994
284.0,Train1,2302.999999999857,4625396.299999999
284.0,Train2,2743.6666666666565,4085015.1999999997
284.0,Train3,1202.9999999999784,41500.0
284.0,Train4,4.6178888888887775,1073425.1000000003
285.0,Train1,2322.5999999998553,4631492.200000001
285.0,Train2,2728.333333333325,4226765.8999999985
285.0,Train3,1202.9999999999784,41500.0
285.0,Train4,4.612235294117537,1133524.7
286.0,Train1,2342.7999999998533,3014445.499999938
286.0,Train2,2712.3333333333267,4370353.600000001
286.0,Train3,1202.9999999999784,41500.0
286.0,Train4,4.606235294117536,1193912.2999999993
287.0,Train1,2363.5999999998508,139420.0
287.0,Train2,2695.6666666666615,4511372.7
287.0,Train3,1202.9999999999784,41500.0
287.0,Train4,4.59979999999989,1252942.8
288.0,Train1,2384.3999999998487,139420.0
288.0,Train2,2678.4999999999973,4564806.4
288.0,Train3,1202.9999999999784,41500.0
288.0,Train4,4.59299999999989,1310906.3000000007
289.0,Train1,2405.199999999846,139420.0
289.0,Train2,2660.599999999999,4593596.5
289.0,Train3,1202.9999999999784,41500.0
289.0,Train4,4.5858461538460435,1367406.8000000003
290.0,Train1,2425.999999999844,139420.0
290.0,Train2,2642.000000000001,4613921.8
290.0,Train3,1202.9999999999784,41500.0
290.0,Train4,4.578230769230658,1422768.799999999
291.0,Train1,2446.799999999842,139420.0
291.0,Train2,2623.0000000000027,4626417.6
291.0,Train3,1202.9999999999784,41500.0
291.0,Train4,4.57024999999989,1482889.9000000004
292.0,Train1,2467.749999999839,139420.0
292.0,Train2,2603.200000000005,4631746.800000001
292.0,Train3,1202.9999999999784,41500.0
292.0,Train4,4.561916666666556,1546772.2999999998
293.0,Train1,2488.599999999837,-470038.3999999403
293.0,Train2,2583.0000000000077,4630481.000000001
293.0,Train3,1202.9999999999784,41500.0
293.0,Train4,4.553181818181708,1610280.1
294.0,Train1,2509.3999999998346,-2708347.1999999993
294.0,Train2,2562.00000000001,4623166.1
294.0,Train3,1202.9999999999784,41500.0
294.0,Train4,4.544090909090799,1673094.3999999997
295.0,Train1,2529.7999999998324,-2619381.3000000003
295.0,Train2,2540.7500000000114,1531793.5000000093
295.0,Train3,1202.9999999999784,41500.0
295.0,Train4,4.534545454545344,1735302.9999999998
296.0,Train1,2549.6666666664973,-2531322.2
296.0,Train2,2519.000000000014,146339.99999999997
296.0,Train3,1202.9999999999784,41500.0
296.0,Train4,4.5246666666665565,1797331.4000000004
297.0,Train1,2568.999999999828,-2443954.7
297.0,Train2,2497.000000000017,146339.99999999997
297.0,Train3,1202.9999999999784,41500.0
297.0,Train4,4.514333333333223,1858676.9999999998
298.0,Train1,2587.8333333331593,-2357474.7000000007
298.0,Train2,2475.250000000019,-895463.000000098
298.0,Train3,1202.9999999999784,41500.0
298.0,Train4,4.503666666666557,1919354.2000000002
299.0,Train1,2606.1666666664905,-2271803.0
299.0,Train2,2453.6000000000213,-2857099.9000000004
299.0,Train3,1202.9999999999784,41500.0
299.0,Train4,4.4926666666665565,1979745.9000000001
300.0,Train1,2623.8333333331557,-2186830.6
300.0,Train2,2432.2000000000235,-2766832.0999999996
300.0,Train3,1202.9999999999784,41500.0
300.0,Train4,4.481222222222112,2039521.1000000003
301.0,Train1,2640.9999999998204,-2101369.1
301.0,Train2,2411.400000000026,-2677310.4
301.0,Train3,1202.9999999999784,41500.0
301.0,Train4,4.469374999999889,2098730.0
302.0,Train1,2657.666666666485,-2017327.7999999996
302.0,Train2,2391.200000000028,-2588591.3
302.0,Train3,1202.9999999999784,41500.0
302.0,Train4,4.457124999999889,2157508.7
303.0,Train1,2673.83333333315,-1935305.9999999993
303.0,Train2,2371.5000000000305,-2500779.4000000004
303.0,Train3,1202.9999999999784,41500.0
303.0,Train4,4.4444999999998895,2216083.0
304.0,Train1,2689.428571428386,-1855452.5
304.0,Train2,2352.333333333366,-2413760.2
304.0,Train3,1202.9999999999784,41500.0
304.0,Train4,4.431499999999889,2274825.2
305.0,Train1,2704.499999999813,-1776696.0000000002
305.0,Train2,2333.666666666701,-2327539.2999999993
305.0,Train3,1202.9999999999784,41500.0
305.0,Train4,4.418142857142747,2333902.3
306.0,Train1,2718.9999999998117,-1699003.9999999995
306.0,Train2,2315.6000000000367,-2242177.6999999997
306.0,Train3,1202.9999999999784,41500.0
306.0,Train4,4.40442857142846,2392753.5999999996
307.0,Train1,2732.99999999981,-1622996.6
307.0,Train2,2298.0000000000387,-2157130.1
307.0,Train3,1202.9999999999784,41500.0
307.0,Train4,4.390285714285604,2451315.0000000005
308.0,Train1,2746.374999999808,-1548732.6000000003
308.0,Train2,2281.0000000000405,-2071983.2999999998
308.0,Train3,1202.9999999999784,41500.0
308.0,Train4,4.375714285714175,2509289.0
309.0,Train1,2759.249999999807,-1475872.2999999998
309.0,Train2,2264.5714285714707,-1988461.4999999995
309.0,Train3,1202.9999999999784,41500.0
309.0,Train4,4.360714285714176,2566831.500000001
310.0,Train1,2771.6249999998063,-1404421.1999999997
310.0,Train2,2248.6666666667106,-1907277.3999999997
310.0,Train3,1202.9999999999784,25804.999999999607
310.0,Train4,4.345428571428461,2623785.7
311.0,Train1,2783.4999999998045,-1334153.3
311.0,Train2,2233.2857142857597,-1828023.9000000004
311.0,Train3,1203.3230088495359,20000.0
311.0,Train4,4.329714285714175,2680363.199999999
312.0,Train1,2794.777777777581,-1265214.8
312.0,Train2,2218.428571428619,-1749415.5999999999
312.0,Train3,1203.765486725642,20000.0
312.0,Train4,4.313666666666556,1812044.4999999392
313.0,Train1,2805.499999999802,-1197391.2999999998
313.0,Train2,2204.125000000049,-1672465.1
313.0,Train3,1204.4999999999782,93113.49999999625
313.0,Train4,4.297166666666556,112390.0
314.0,Train1,2815.699999999801,-1130456.2
314.0,Train2,2190.2857142857647,-1597049.2999999996
314.0,Train3,1205.736111111089,289038.0999999995
314.0,Train4,4.280666666666557,112390.00000000001
315.0,Train1,2825.3999999998,-1064382.4
315.0,Train2,2177.000000000052,-1523282.7000000002
315.0,Train3,1207.3773584905439,420382.39999999804
315.0,Train4,4.264166666666556,112390.0
316.0,Train1,2834.5454545452535,-999220.0000000001
316.0,Train2,2164.3750000000528,-1450938.0000000005
316.0,Train3,1209.4090909090685,519803.2000000001
316.0,Train4,4.247666666666556,112390.00000000001
317.0,Train1,2843.1666666664646,-933649.6000000009
317.0,Train2,2152.1250000000546,-1379849.3000000003
317.0,Train3,1211.8205128204902,609337.6000000008
317.0,Train4,4.231166666666556,112390.0
318.0,Train1,2851.2307692305662,-854394.3000000002
318.0,Train2,2140.5555555556116,-1310022.5
318.0,Train3,1214.6470588235065,687869.8999999999
318.0,Train4,4.214666666666556,112390.00000000001
319.0,Train1,2858.769230769027,-772427.5
319.0,Train2,2129.4444444445016,-1241561.6999999993
319.0,Train3,1217.8333333333098,760918.9999999988
319.0,Train4,4.198166666666555,112390.0
320.0,Train1,2865.7333333331285,-693940.8
320.0,Train2,2118.8888888889473,-1173988.0000000005
320.0,Train3,1221.4444444444207,825734.6000000017
320.0,Train4,4.1816666666665565,112390.00000000001
321.0,Train1,2872.187499999795,-617902.6000000003
321.0,Train2,2108.8000000000598,-1107333.8000000003
321.0,Train3,1225.4166666666426,888004.7999999992
321.0,Train4,4.165166666666556,112390.0
322.0,Train1,2878.111111110905,-543907.8999999992
322.0,Train2,2099.3636363636965,-1041792.0999999999
322.0,Train3,1229.7727272727027,948246.8999999998
322.0,Train4,4.148666666666556,112390.00000000001
323.0,Train1,2883.4999999997935,-474241.60000000044
323.0,Train2,2090.3636363636974,-976760.699999999
323.0,Train3,1234.5499999999747,1004301.1999999998
323.0,Train4,4.132166666666556,112390.0
324.0,Train1,2888.363636363429,-408576.89999999985
324.0,Train2,2082.0000000000623,-907886.0000000002
324.0,Train3,1239.6842105262901,1058538.7999999996
324.0,Train4,4.115666666666557,112390.0
325.0,Train1,2892.666666666459,-346523.09999999986
325.0,Train2,2074.076923076986,-825431.0999999996
325.0,Train3,1245.2222222221958,1116978.4000000001
325.0,Train4,4.099166666666556,112390.0
326.0,Train1,2896.448275861861,-292646.59999999974
326.0,Train2,2066.7333333333977,-745102.4000000001
326.0,Train3,1251.124999999973,1178083.2999999998
326.0,Train4,4.082666666666556,112390.0
327.0,Train1,2899.6969696967612,-241466.19999999943
327.0,Train2,2059.9333333333984,-667011.0000000001
327.0,Train3,1257.4666666666387,1237311.0999999996
327.0,Train4,4.066166666666556,112390.0
328.0,Train1,2902.3902439022304,-173483.99999999962
328.0,Train2,2053.6470588235948,-592201.3999999998
328.0,Train3,1264.1428571428287,1295572.9999999995
328.0,Train4,4.049666666666556,112390.0
329.0,Train1,2904.6122448977503,-107041.20000000019
329.0,Train2,2047.9444444445105,-519064.79999999976
329.0,Train3,1271.2142857142562,1352343.0000000007
329.0,Train4,4.033166666666555,112390.0
330.0,Train1,2906.4193548385006,-63573.200000000346
330.0,Train2,2042.7142857143526,-451086.5999999993
330.0,Train3,1278.6923076922778,1408049.4000000001
330.0,Train4,4.0166666666665565,112390.0
331.0,Train1,2907.901408450495,-31321.100000000348
331.0,Train2,2038.0454545455218,-386284.4000000007
331.0,Train3,1286.5833333333023,1466217.400000001
331.0,Train4,4.000166666666556,112390.0
332.0,Train1,2909.0891089106817,-10020.800000000287
332.0,Train2,2033.9259259259939,-326914.6999999998
332.0,Train3,1294.8333333333017,1529851.2999999996
332.0,Train4,3.983666666666556,112390.0
333.0,Train1,2910.0610687020803,6530.0
333.0,Train2,2030.3448275862752,-274671.99999999965
333.0,Train3,1303.4545454545128,1593351.6000000003
333.0,Train4,3.967142857142746,112390.0
334.0,Train1,2910.824427480706,19019.399999999703
334.0,Train2,2027.2857142857827,-221636.59999999998
334.0,Train3,1312.4545454545118,1656262.4000000001
334.0,Train4,3.950571428571318,112390.0
335.0,Train1,2911.4074074071978,22750.0
335.0,Train2,2024.772727272796,-147197.6000000021
335.0,Train3,1321.8999999999653,1718883.2999999998
335.0,Train4,3.933999999999889,112390.0
336.0,Train1,2911.9365079362983,34374.79999999994
336.0,Train2,2022.7090909091598,-91534.49999999962
336.0,Train3,1331.6999999999643,1780822.2000000002
336.0,Train4,3.9174999999998885,112390.0
337.0,Train1,2912.2027649767488,35960.0
337.0,Train2,2021.0000000000691,-48100.60000000083
337.0,Train3,1341.888888888852,1842382.0999999996
337.0,Train4,3.9009999999998883,112390.0
338.0,Train1,2912.4331797232926,35960.0
338.0,Train2,2019.6547619048313,-22820.50000000023
338.0,Train3,1352.444444444406,1903435.0999999999
338.0,Train4,3.884499999999889,112390.0
339.0,Train1,2912.6635944698364,35960.0
339.0,Train2,2018.554455445614,-3840.000000000041
339.0,Train3,1363.444444444405,1963817.4000000001
339.0,Train4,3.8679999999998893,112390.0
340.0,Train1,2912.8940092163803,41435.60000000021
340.0,Train2,2017.661538461608,8519.199999999779
340.0,Train3,1374.7499999999595,2023692.4000000004
340.0,Train4,3.8514999999998887,112390.0
341.0,Train1,2913.141732283255,46100.0
341.0,Train2,2016.9255319149631,22520.0
341.0,Train3,1386.4999999999582,2083106.1000000003
341.0,Train4,3.834999999999889,112390.0
342.0,Train1,2913.404199474856,46100.0
342.0,Train2,2016.3936170213462,25964.999999999884
342.0,Train3,1398.624999999957,2141851.9000000004
342.0,Train4,3.818499999999889,112390.0
343.0,Train1,2913.666666666457,46100.0
343.0,Train2,2015.9376498801655,35770.0
343.0,Train3,1411.1249999999552,2200491.3000000003
343.0,Train4,3.8019999999998886,112389.99999999999
344.0,Train1,2913.929133858058,51480.10000000014
344.0,Train2,2015.6978417266882,35770.0
344.0,Train3,1423.9999999999543,911014.8999999899
344.0,Train4,3.785499999999889,112390.0
345.0,Train1,2913.99999999979,53470.0
345.0,Train2,2015.458033573211,35770.0
345.0,Train3,1437.1428571428096,95810.00000000001
345.0,Train4,3.768999999999889,112389.99999999999
346.0,Train1,2913.99999999979,53470.0
346.0,Train2,2015.2182254197337,36687.099999999744
346.0,Train3,1450.3749999999507,95810.0
346.0,Train4,3.752499999999889,112390.0
347.0,Train1,2913.99999999979,53470.0
347.0,Train2,2014.9777227723466,45960.0
347.0,Train3,1463.5714285713782,95810.00000000001
347.0,Train4,3.7359999999998887,112389.99999999999
348.0,Train1,2913.99999999979,53470.0
348.0,Train2,2014.7301980198715,45960.0
348.0,Train3,1476.7499999999484,95809.99999999999
348.0,Train4,3.719499999999889,112390.0
349.0,Train1,2913.99999999979,53470.0
349.0,Train2,2014.4826732673964,45960.0
349.0,Train3,1489.999999999947,95810.00000000001
349.0,Train4,3.7029999999998893,112390.0
350.0,Train1,2913.99999999979,53470.0
350.0,Train2,2014.235148514921,46328.50000000008
350.0,Train3,1503.1428571428023,95810.0
350.0,Train4,3.6864999999998886,112390.00000000001
351.0,Train1,2913.99999999979,53470.0
351.0,Train2,2014.0000000000698,53330.0
351.0,Train3,1516.3749999999436,95809.99999999999
351.0,Train4,3.669999999999889,112389.99999999999
352.0,Train1,2913.99999999979,53470.0
352.0,Train2,2014.0000000000698,53330.0
352.0,Train3,1529.6249999999425,95810.00000000001
352.0,Train4,3.653499999999889,112390.0
353.0,Train1,2913.99999999979,53470.0
353.0,Train2,2014.0000000000698,53330.0
353.0,Train3,1542.8571428570838,95810.0
353.0,Train4,3.636999999999891,112389.99999999999
354.0,Train1,2913.99999999979,53470.0
354.0,Train2,2014.0000000000698,53330.0
354.0,Train3,1555.9999999999397,95810.00000000001
354.0,Train4,3.620499999999893,112390.0
355.0,Train1,2913.99999999979,53470.0
355.0,Train2,2014.0000000000698,53330.0
355.0,Train3,1569.2499999999377,95810.0
355.0,Train4,3.6039999999998944,112389.99999999999
356.0,Train1,2913.99999999979,53470.0
356.0,Train2,2014.0000000000698,53330.0
356.0,Train3,1582.4285714285081,95810.0
356.0,Train4,3.5874999999998964,112390.0
357.0,Train1,2913.99999999979,53470.0
357.0,Train2,2014.0000000000698,53330.0
357.0,Train3,1595.6249999999352,95810.00000000001
357.0,Train4,3.5709999999998985,112389.99999999999
358.0,Train1,2913.99999999979,53470.0
358.0,Train2,2014.0000000000698,53330.0
358.0,Train3,1608.8571428570765,95809.99999999999
358.0,Train4,3.5544999999999,112390.0
359.0,Train1,2913.99999999979,53470.0
359.0,Train2,2014.0000000000698,53330.0
359.0,Train3,1621.999999999932,95810.00000000001
359.0,Train4,3.5379999999999017,112389.99999999999
360.0,Train1,2913.99999999979,53470.0
360.0,Train2,2014.0000000000698,53330.0
360.0,Train3,1635.2499999999304,95809.99999999999
360.0,Train4,3.5214999999999037,112390.0
361.0,Train1,2913.99999999979,53470.0
361.0,Train2,2014.0000000000698,53330.0
361.0,Train3,1648.4285714285008,95810.0
361.0,Train4,3.5049999999999057,112390.0
362.0,Train1,2913.99999999979,53470.0
362.0,Train2,2014.0000000000698,53330.0
362.0,Train3,1661.6249999999281,95810.0
362.0,Train4,3.4884285714284786,112390.0
363.0,Train1,2913.99999999979,53470.0
363.0,Train2,2014.0000000000698,53330.0
363.0,Train3,1674.8571428570692,95809.99999999999
363.0,Train4,3.471857142857052,-8242.999999954714
364.0,Train1,2913.99999999979,53470.0
364.0,Train2,2014.0000000000698,53330.0
364.0,Train3,1687.9999999999247,95810.0
364.0,Train4,3.455333333333244,507252.3999999403
365.0,Train1,2913.99999999979,53470.0
365.0,Train2,2014.0000000000698,53330.0
365.0,Train3,1701.2499999999231,95809.99999999999
365.0,Train4,3.4388333333332466,112480.0
366.0,Train1,2913.99999999979,53470.0
366.0,Train2,2014.0000000000698,53330.0
366.0,Train3,1714.4285714284936,95810.0
366.0,Train4,3.4223333333332477,112479.99999999997
367.0,Train1,2913.99999999979,53470.0
367.0,Train2,2014.0000000000698,53330.0
367.0,Train3,1727.6249999999209,95810.0
367.0,Train4,3.40583333333325,112480.0
368.0,Train1,2913.99999999979,53470.0
368.0,Train2,2014.0000000000698,53330.0
368.0,Train3,1740.857142857062,95810.0
368.0,Train4,3.3893333333332514,112479.99999999997
369.0,Train1,2913.99999999979,53470.0
369.0,Train2,2014.0000000000698,53330.0
369.0,Train3,1753.9999999999175,95809.99999999999
369.0,Train4,3.372833333333254,112479.99999999999
370.0,Train1,2913.99999999979,53470.0
370.0,Train2,2014.0000000000698,53330.0
370.0,Train3,1767.2499999999159,95810.0
370.0,Train4,3.356333333333255,112479.99999999997
371.0,Train1,2913.99999999979,53470.0
371.0,Train2,2014.0000000000698,53330.0
371.0,Train3,1780.499999999915,95810.0
371.0,Train4,3.339833333333257,112479.99999999999
372.0,Train1,2913.99999999979,53470.0
372.0,Train2,2014.0000000000698,53330.0
372.0,Train3,1793.7142857141991,95809.99999999999
372.0,Train4,3.323166666666592,112479.99999999997
373.0,Train1,2913.99999999979,53470.0
373.0,Train2,2014.0000000000698,53330.0
373.0,Train3,1806.874999999912,95810.00000000001
373.0,Train4,3.3066666666665943,112479.99999999999
374.0,Train1,2913.99999999979,29036.89999999939
374.0,Train2,2014.0000000000698,53330.0
374.0,Train3,1820.1249999999102,95809.99999999999
374.0,Train4,3.2901666666665954,112479.99999999997
375.0,Train1,2914.417142856933,20000.0
375.0,Train2,2014.0000000000698,53330.0
375.0,Train3,1833.2857142856228,95810.0
375.0,Train4,3.273666666666598,112479.99999999997
376.0,Train1,2914.9885714283614,84020.0
376.0,Train2,2014.0000000000698,53330.0
376.0,Train3,1846.4999999999072,95810.0
376.0,Train4,3.2571666666665995,112479.99999999999
377.0,Train1,2916.4545454543354,516811.69999999925
377.0,Train2,2014.0000000000698,53330.0
377.0,Train3,1859.7142857141919,95809.99999999999
377.0,Train4,3.2406666666666015,112479.99999999999
378.0,Train1,2918.5476190474087,845278.7000000017
378.0,Train2,2014.0000000000698,53330.0
378.0,Train3,1872.8749999999047,95810.00000000003
378.0,Train4,3.2241666666666027,112480.0
379.0,Train1,2921.3030303028195,1059210.2000000002
379.0,Train2,2014.0000000000698,53330.0
379.0,Train3,1886.124999999903,95809.99999999999
379.0,Train4,3.2074999999999383,112479.99999999997
380.0,Train1,2924.703703703493,1244726.0000000037
380.0,Train2,2014.0000000000698,51663.49999999962
380.0,Train3,1899.2857142856155,-220572.30000003974
380.0,Train4,3.1909999999999403,112480.0
381.0,Train1,2928.739130434571,1432286.1000000006
381.0,Train2,2013.9715909091608,20000.0
381.0,Train3,1912.4999999999,-2660155.2
381.0,Train4,3.174499999999942,112479.99999999997
382.0,Train1,2933.449999999788,1613522.3999999978
382.0,Train2,2013.403409090979,20000.0
382.0,Train3,1925.1111111110097,-2440846.4000000013
382.0,Train4,3.1579999999999435,112480.0
383.0,Train1,2938.823529411552,1786012.1000000015
383.0,Train2,2012.5972222222922,168939.39999999557
383.0,Train3,1936.7777777776755,-2231505.699999999
383.0,Train4,3.1414999999999456,112479.99999999999
384.0,Train1,2944.8124999997867,1950409.7000000007
384.0,Train2,2010.978723404325,663666.1000000024
384.0,Train3,1947.5999999998965,-2029091.0999999992
384.0,Train4,3.1249999999999476,112480.0
385.0,Train1,2951.4666666664525,2107128.3
385.0,Train2,2008.6578947369128,919336.4000000003
385.0,Train3,1957.4999999998952,-1833615.2000000002
385.0,Train4,3.108499999999949,112479.99999999999
386.0,Train1,2958.7692307690163,2259903.899999998
386.0,Train2,2005.7000000000712,1117520.600000002
386.0,Train3,1966.4999999998945,-1641838.7999999938
386.0,Train4,3.091999999999951,112480.0
387.0,Train1,2966.7499999997844,2427363.3000000017
387.0,Train2,2002.080000000071,1304821.8000000026
387.0,Train3,1974.615384615278,-1427211.600000002
387.0,Train4,3.075333333333286,-2800466.500000075
388.0,Train1,2975.36363636342,2601067.9
388.0,Train2,1997.8181818182536,1490547.4000000001
388.0,Train3,1981.8666666665592,-1208373.4999999988
388.0,Train4,3.0591666666666213,-3362825.8999999985
389.0,Train1,2984.599999999782,2772276.7999999993
389.0,Train2,1992.9444444445169,1669705.599999998
389.0,Train3,1988.2352941175386,-1003419.5999999999
389.0,Train4,3.0438571428570986,-3127832.6999999993
390.0,Train1,2994.4999999997813,2940145.3000000003
390.0,Train2,1987.3529411765435,1838683.3
390.0,Train3,1993.6999999998911,-814110.2999999996
390.0,Train4,3.029428571428529,-2898273.0000000005
391.0,Train1,3004.99999999978,3105871.5
391.0,Train2,1981.1333333334067,2000669.3000000007
391.0,Train3,1998.2499999998909,-643237.2000000014
391.0,Train4,3.015999999999959,-2671974.599999999
392.0,Train1,3016.222222222001,3268003.999999999
392.0,Train2,1974.2857142857886,2155771.500000001
392.0,Train3,2001.933333333224,-497881.80000000016
392.0,Train4,3.0032499999999605,-2452451.899999999
393.0,Train1,3028.1111111108885,3427244.0000000005
393.0,Train2,1966.769230769306,2310176.2999999984
393.0,Train3,2004.7317073169634,-332221.1000000044
393.0,Train4,2.9915555555555176,-2242989.8
394.0,Train1,3040.571428571205,3583421.6
394.0,Train2,1958.6363636364395,2482344.7
394.0,Train3,2006.7068965516141,-181185.0999999954
394.0,Train4,2.9806999999999637,-2039833.0999999985
395.0,Train1,3053.7142857140607,3736305.4
395.0,Train2,1949.8181818182588,2655354.9000000004
395.0,Train3,2008.1099999998899,-94565.79999999919
395.0,Train4,2.9707272727272374,-1843963.7
396.0,Train1,3067.428571428344,3885630.3
396.0,Train2,1940.400000000078,2825408.8
396.0,Train3,2009.0650887572863,-41860.0
396.0,Train4,2.961666666666632,-1652757.1999999997
397.0,Train1,3081.857142856915,4032352.2999999993
397.0,Train2,1930.3000000000789,2992767.4000000013
397.0,Train3,2009.6568047336175,-22422.400000001893
397.0,Train4,2.9534615384615046,-1438469.1999999997
398.0,Train1,3096.99999999977,4175280.1000000015
398.0,Train2,1919.5555555556357,3157036.6000000006
398.0,Train3,2010.1386138612759,4420.0
398.0,Train4,2.946199999999967,-1220509.7000000023
399.0,Train1,3112.714285714054,4317069.500000002
399.0,Train2,1908.1111111111925,3318718.3999999994
399.0,Train3,2010.4686468645762,4420.0
399.0,Train4,2.9398235294117323,-1014806.499999999
400.0,Train1,3129.166666666433,4466458.3
400.0,Train2,1896.111111111194,3476665.0999999996
400.0,Train3,2010.7986798678764,18596.499999999505
400.0,Train4,2.9342999999999684,-823447.7999999991
401.0,Train1,3146.166666666431,337918.80000005016
401.0,Train2,1883.375000000084,3631699.8000000003
401.0,Train3,2010.9999999998895,40770.0
401.0,Train4,2.9296666666666353,-651454.5999999975
402.0,Train1,3163.4999999997626,117090.00000000003
402.0,Train2,1870.000000000086,3783856.5
402.0,Train3,2010.9999999998895,40770.0
402.0,Train4,2.925937499999969,-506269.9999999994
403.0,Train1,3180.8333333330943,117090.00000000003
403.0,Train2,1856.0000000000873,3000072.2999999644
403.0,Train3,2010.9999999998895,40770.0
403.0,Train4,2.9231249999999696,-346459.5000000007
404.0,Train1,3198.1666666664255,117090.00000000004
404.0,Train2,1841.42857142866,103210.00000000001
404.0,Train3,2010.9999999998895,40770.0
404.0,Train4,2.9210909090908785,-180392.80000000313
405.0,Train1,3215.499999999757,117090.0
405.0,Train2,1826.7142857143765,103210.00000000003
405.0,Train3,2010.9999999998895,40770.0
405.0,Train4,2.9196888888888584,-96191.00000000029
406.0,Train1,3232.8333333330884,117090.00000000001
406.0,Train2,1811.8571428572352,103210.00000000003
406.0,Train3,2010.9999999998895,40770.0
406.0,Train4,2.9187285714285416,-57100.0
407.0,Train1,3250.1666666664196,117090.00000000003
407.0,Train2,1797.1428571429508,103210.00000000003
407.0,Train3,2010.9999999998895,40770.0
407.0,Train4,2.9180142857142557,-8531.199999999099
408.0,Train1,3267.4999999997513,117090.0
408.0,Train2,1782.4285714286666,103210.00000000001
408.0,Train3,2010.9999999998895,40770.0
408.0,Train4,2.9176797385620614,-7540.0
409.0,Train1,3284.833333333083,117090.00000000003
409.0,Train2,1767.5714285715262,103210.00000000001
409.0,Train3,2010.9999999998895,40770.0
409.0,Train4,2.9173529411764405,-7540.0
410.0,Train1,3302.1666666664137,117090.00000000001
410.0,Train2,1752.8571428572416,103210.00000000003
410.0,Train3,2010.9999999998895,40770.0
410.0,Train4,2.9170261437908196,28818.399999998383
411.0,Train1,3319.4999999997453,117090.00000000003
411.0,Train2,1738.1428571429574,103210.00000000003
411.0,Train3,2010.9999999998895,40770.0
411.0,Train4,2.91699999999997,31980.0
412.0,Train1,3336.833333333077,117090.00000000003
412.0,Train2,1723.2857142858159,103210.00000000001
412.0,Train3,2010.9999999998895,40770.0
412.0,Train4,2.91699999999997,31980.0
413.0,Train1,3354.1999999997415,117090.00000000001
413.0,Train2,1708.5714285715326,103210.00000000001
413.0,Train3,2010.9999999998895,40770.0
413.0,Train4,2.91699999999997,31980.0
414.0,Train1,3371.59999999974,117090.0
414.0,Train2,1693.8333333334385,103210.00000000003
414.0,Train3,2010.9999999998895,40770.0
414.0,Train4,2.91699999999997,31980.0
415.0,Train1,3388.9999999997376,117090.0
415.0,Train2,1679.0000000001069,103210.00000000003
415.0,Train3,2010.9999999998895,40770.0
415.0,Train4,2.91699999999997,31980.0
416.0,Train1,3406.333333333069,117090.00000000001
416.0,Train2,1664.2857142858222,103210.00000000001
416.0,Train3,2010.9999999998895,40770.0
416.0,Train4,2.91699999999997,31980.0
417.0,Train1,3423.666666666401,117090.00000000001
417.0,Train2,1649.571428571539,103210.00000000001
417.0,Train3,2010.9999999998895,40770.0
417.0,Train4,2.91699999999997,31980.0
418.0,Train1,3440.999999999732,117043.49999999999
418.0,Train2,1634.7142857143976,103210.00000000003
418.0,Train3,2010.9999999998895,40770.0
418.0,Train4,2.91699999999997,31980.0
419.0,Train1,3458.3333333330634,116760.00000000003
419.0,Train2,1620.0000000001132,103210.00000000003
419.0,Train3,2010.9999999998895,40770.0
419.0,Train4,2.91699999999997,31980.0
420.0,Train1,3475.5999999997284,116760.00000000001
420.0,Train2,1605.285714285829,103210.00000000003
420.0,Train3,2010.9999999998895,40770.0
420.0,Train4,2.91699999999997,31980.0
421.0,Train1,3492.8333333330597,116760.00000000003
421.0,Train2,1590.4285714286875,103210.00000000001
421.0,Train3,2010.9999999998895,40770.0
421.0,Train4,2.91699999999997,31980.0
422.0,Train1,3510.166666666391,116760.00000000001
422.0,Train2,1575.7142857144042,103210.00000000003
422.0,Train3,2010.9999999998895,40770.0
422.0,Train4,2.91699999999997,31980.0
423.0,Train1,3527.3999999997227,116760.00000000003
423.0,Train2,1561.0000000001196,103210.00000000003
423.0,Train3,2010.9999999998895,40770.0
423.0,Train4,2.91699999999997,31980.0
424.0,Train1,3544.6666666663878,116760.00000000001
424.0,Train2,1546.1428571429785,103210.00000000003
424.0,Train3,2010.9999999998895,40770.0
424.0,Train4,2.91699999999997,31980.0
425.0,Train1,3561.9999999997185,116760.00000000001
425.0,Train2,1531.4285714286943,103210.00000000001
425.0,Train3,2010.9999999998895,40770.0
425.0,Train4,2.91699999999997,31980.0
426.0,Train1,3579.3333333330497,116760.00000000003
426.0,Train2,1516.6666666667916,103210.00000000003
426.0,Train3,2010.9999999998895,40770.0
426.0,Train4,2.91699999999997,31980.0
427.0,Train1,3596.599999999715,116760.00000000001
427.0,Train2,1501.8571428572693,103210.00000000001
427.0,Train3,2010.9999999998895,40770.0
427.0,Train4,2.91699999999997,31980.0
428.0,Train1,3613.8333333330465,116760.00000000003
428.0,Train2,1487.1428571429847,103210.00000000003
428.0,Train3,2010.9999999998895,40770.0
428.0,Train4,2.91699999999997,31980.0
429.0,Train1,3631.1666666663778,116760.00000000001
429.0,Train2,1472.4285714287005,103210.00000000001
429.0,Train3,2010.9999999998895,40770.0
429.0,Train4,2.91699999999997,31980.0
430.0,Train1,3648.499999999709,116760.00000000003
430.0,Train2,1457.57142857156,103210.00000000001
430.0,Train3,2010.9999999998895,32669.700000000284
430.0,Train4,2.91699999999997,31980.0
431.0,Train1,3665.666666666374,116760.00000000001
431.0,Train2,1442.8571428572757,103210.00000000003
431.0,Train3,2011.1718061672905,20000.0
431.0,Train4,2.91699999999997,31980.0
432.0,Train1,3682.9999999997053,116760.00000000001
432.0,Train2,1428.1428571429915,7787.499999978332
432.0,Train3,2011.6123348016515,20000.0
432.0,Train4,2.91699999999997,31980.0
433.0,Train1,3700.3333333330365,116760.00000000003
433.0,Train2,1413.2857142858502,-1765362.8999999997
433.0,Train3,2012.1276595743575,44831.00000000094
433.0,Train4,2.91699999999997,31980.0
434.0,Train1,3717.5999999997016,116760.00000000001
434.0,Train2,1398.857142857281,-1688004.9999999998
434.0,Train3,2013.2499999998893,224194.60000000522
434.0,Train4,2.91699999999997,31980.0
435.0,Train1,3734.8333333330334,116760.00000000003
435.0,Train2,1385.0000000001392,-1612194.9999999998
435.0,Train3,2014.754098360545,381346.0000000013
435.0,Train4,2.91699999999997,31980.0
436.0,Train1,3752.166666666364,116760.00000000001
436.0,Train2,1371.6250000001407,-1538227.9
436.0,Train3,2016.6666666665556,486162.1999999982
436.0,Train4,2.91699999999997,31980.0
437.0,Train1,3769.499999999696,116760.00000000003
437.0,Train2,1358.8750000001419,-1465591.0999999996
437.0,Train3,2018.9512195120838,580727.7000000007
437.0,Train4,2.91699999999997,31980.0
438.0,Train1,3786.666666666361,116760.00000000001
438.0,Train2,1346.5000000001437,-1394229.9000000004
438.0,Train3,2021.6285714284597,661292.199999999
438.0,Train4,2.91699999999997,31980.0
439.0,Train1,3803.999999999692,116760.00000000001
439.0,Train2,1334.7777777779224,-1324156.0999999999
439.0,Train3,2024.699999999888,736167.500000001
439.0,Train4,2.91699999999997,31980.0
440.0,Train1,3821.3333333330233,116760.00000000003
440.0,Train2,1323.5555555557014,-1255400.1000000003
440.0,Train3,2028.148148148036,803928.7999999995
440.0,Train4,2.91699999999997,20958.40000000049
441.0,Train1,3838.5999999996884,116760.00000000001
441.0,Train2,1312.900000000147,-1187746.8999999994
441.0,Train3,2031.9999999998872,866778.8999999997
441.0,Train4,2.9165929203539522,20000.0
442.0,Train1,3855.8333333330197,116760.00000000003
442.0,Train2,1302.8000000001484,-1120899.0999999996
442.0,Train3,2036.2272727271595,927893.4999999999
442.0,Train4,2.916150442477846,20000.0
443.0,Train1,3873.166666666351,116760.00000000001
443.0,Train2,1293.181818181967,-1054968.5999999999
443.0,Train3,2040.8571428570292,985120.6000000006
443.0,Train4,2.915297872340396,119324.00000000375
444.0,Train1,3890.4999999996826,116760.00000000003
444.0,Train2,1284.0909090910595,-989854.8999999997
444.0,Train3,2045.8499999998858,1040163.4000000007
444.0,Train4,2.9139999999999704,330117.999999999
445.0,Train1,3907.799999999681,116760.00000000001
445.0,Train2,1275.5833333334845,-923423.9999999995
445.0,Train3,2051.277777777663,1095961.0
445.0,Train4,2.912277777777748,439490.1000000015
446.0,Train1,3924.999999999679,116760.00000000001
446.0,Train2,1267.6153846155366,-842556.3999999998
446.0,Train3,2057.058823529296,1157193.9
446.0,Train4,2.9101590909090618,538519.8
447.0,Train1,3942.3333333330097,116760.00000000003
447.0,Train2,1260.1428571430097,-761047.2999999999
447.0,Train3,2063.249999999884,1217112.5
447.0,Train4,2.9076756756756468,623867.4999999993
448.0,Train1,3959.5999999996748,116760.00000000001
448.0,Train2,1253.2000000001535,-682676.2999999996
448.0,Train3,2069.7999999998833,1275605.8
448.0,Train4,2.9047812499999717,702699.3999999997
449.0,Train1,3976.8333333330065,116760.00000000003
449.0,Train2,1246.823529411919,-607353.2999999998
449.0,Train3,2076.714285714168,1332749.4999999998
449.0,Train4,2.9015172413792825,772749.6
450.0,Train1,3994.1666666663377,116760.00000000001
450.0,Train2,1241.000000000155,-533333.1000000006
450.0,Train3,2084.076923076804,1389113.0000000005
450.0,Train4,2.8978461538461264,837698.4999999987
451.0,Train1,4011.4999999996735,116760.00000000003
451.0,Train2,1235.7000000001556,-464599.99999999977
451.0,Train3,2091.833333333214,1445007.900000001
451.0,Train4,2.893782608695625,899930.6000000003
452.0,Train1,4028.79999999968,116760.00000000001
452.0,Train2,1230.913043478417,-399078.4000000002
452.0,Train3,2099.916666666547,1507834.5999999999
452.0,Train4,2.8893636363636097,958911.6000000003
453.0,Train1,4045.9999999996858,116760.00000000001
453.0,Train2,1226.6800000001567,-338890.00000000006
453.0,Train3,2108.4166666665456,1571346.7999999993
453.0,Train4,2.884499999999974,1014703.9999999995
454.0,Train1,4063.3333333330247,116760.00000000003
454.0,Train2,1222.9666666668236,-284799.9000000006
454.0,Train3,2117.2727272726047,1634598.2000000002
454.0,Train4,2.8793157894736585,1068934.8000000005
455.0,Train1,4080.6666666663646,116760.00000000001
455.0,Train2,1219.8285714287288,-234509.40000000072
455.0,Train3,2126.5999999998767,1697291.3999999997
455.0,Train4,2.8737058823529162,1128731.4000000006
456.0,Train1,4097.8333333330365,116760.00000000003
456.0,Train2,1217.1951219513771,-163368.39999999874
456.0,Train3,2136.1999999998757,1759426.7
456.0,Train4,2.8676874999999753,1189334.5
457.0,Train1,4115.166666666375,116760.00000000001
457.0,Train2,1215.020408163423,-98268.89999999979
457.0,Train3,2146.299999999874,1821074.4000000001
457.0,Train4,2.8613333333333095,1248537.3
458.0,Train1,4132.499999999714,116760.00000000003
458.0,Train2,1213.2786885247483,-57687.000000000306
458.0,Train3,2156.699999999874,1882223.3000000003
458.0,Train4,2.8545333333333103,1306356.0
459.0,Train1,4149.799999999721,116760.00000000001
459.0,Train2,1211.8536585367435,-26961.99999999977
459.0,Train3,2167.555555555428,1942920.5999999999
459.0,Train4,2.8473846153845934,1362888.0999999987
460.0,Train1,4166.999999999726,116760.00000000001
460.0,Train2,1210.7000000001583,-7364.999999999794
460.0,Train3,2178.7777777776487,2002998.1
460.0,Train4,2.839846153846133,1418369.7999999998
461.0,Train1,4184.333333333065,116760.00000000003
461.0,Train2,1209.7656250001583,5598.799999999701
461.0,Train3,2190.3749999998695,2062618.3999999997
461.0,Train4,2.8319166666666464,1478205.7999999989
462.0,Train1,4201.666666666405,116760.00000000001
462.0,Train2,1208.98907103841,21710.0
462.0,Train3,2202.374999999868,2121660.5999999996
462.0,Train4,2.8235833333333136,1541739.7000000004
463.0,Train1,4218.8333333330775,116760.00000000003
463.0,Train2,1208.4426229509784,24259.79999999997
463.0,Train3,2214.749999999867,2180184.8000000007
463.0,Train4,2.814909090909073,1605288.1
464.0,Train1,4236.166666666416,116760.00000000001
464.0,Train2,1207.9496021221746,35130.0
464.0,Train3,2227.499999999866,2238982.4999999995
464.0,Train4,2.8057999999999828,1668280.1999999995
465.0,Train1,4253.499999999755,116760.00000000003
465.0,Train2,1207.6843501327846,35130.0
465.0,Train3,2240.6249999998645,2297668.3000000003
465.0,Train4,2.7962999999999827,1730711.7000000002
466.0,Train1,4270.799999999761,116760.00000000001
466.0,Train2,1207.4190981433949,35130.0
466.0,Train3,2254.1428571427195,2356864.6
466.0,Train4,2.7863999999999844,1792531.2000000007
467.0,Train1,4287.999999999766,116760.00000000001
467.0,Train2,1207.153846154005,39481.200000000164
467.0,Train3,2268.1249999998613,2415450.6000000006
467.0,Train4,2.7761999999999856,1853917.3999999997
468.0,Train1,4305.333333333106,116760.00000000003
468.0,Train2,1206.9045454547042,45490.0
468.0,Train3,2282.4285714284306,2473790.3
468.0,Train4,2.765555555555543,1914692.7999999998
469.0,Train1,4322.666666666445,116760.00000000001
469.0,Train2,1206.6772727274315,45490.0
469.0,Train3,2296.999999999858,2531656.6999999997
469.0,Train4,2.7544999999999877,1975123.6000000003
470.0,Train1,4339.999999999784,116760.00000000003
470.0,Train2,1206.4500000001588,45490.0
470.0,Train3,2312.142857142713,2588936.0000000005
470.0,Train4,2.7431111111111,2034988.7999999998
471.0,Train1,4357.166666666456,-481656.0999999794
471.0,Train2,1206.222727272886,45638.39999999986
471.0,Train3,2327.6666666665215,2645771.1999999997
471.0,Train4,2.7312499999999904,2094234.2999999996
472.0,Train1,4374.499999999795,-2131099.3999999994
472.0,Train2,1206.0000000001587,52910.0
472.0,Train3,2343.4999999998527,1788924.7999999411
472.0,Train4,2.719124999999992,2152912.1
473.0,Train1,4391.333333333134,-2046374.1999999997
473.0,Train2,1206.0000000001587,52910.0
473.0,Train3,2359.6666666665183,111099.99999999997
473.0,Train4,2.7064999999999935,2211500.6
474.0,Train1,4407.666666666474,-1963434.9999999993
474.0,Train2,1206.0000000001587,52910.0
474.0,Train3,2375.9999999998495,111099.99999999999
474.0,Train4,2.693571428571423,2270351.7000000007
475.0,Train1,4423.428571428382,-1882903.6000000003
475.0,Train2,1206.0000000001587,52910.0
475.0,Train3,2392.166666666514,111099.99999999999
475.0,Train4,2.680142857142853,2329340.7
476.0,Train1,4438.666666666484,-1803990.7
476.0,Train2,1206.0000000001587,52910.0
476.0,Train3,2408.499999999846,111099.99999999999
476.0,Train4,2.666428571428569,2388308.0
477.0,Train1,4453.2857142855355,-1725937.4000000004
477.0,Train2,1206.0000000001587,52910.0
477.0,Train3,2424.71428571413,111099.99999999999
477.0,Train4,2.6522857142857132,2446783.6999999993
478.0,Train1,4467.428571428398,-1649217.0000000002
478.0,Train2,1206.0000000001587,52910.0
478.0,Train3,2440.999999999842,111099.99999999999
478.0,Train4,2.637857142857144,2504795.6999999997
479.0,Train1,4481.124999999831,-1574387.2000000004
479.0,Train2,1206.0000000001587,52910.0
479.0,Train3,2457.3333333331734,111099.99999999999
479.0,Train4,2.622857142857145,2562339.9000000004
480.0,Train1,4494.142857142692,-1500997.0000000002
480.0,Train2,1206.0000000001587,52910.0
480.0,Train3,2473.4999999998386,111100.0
480.0,Train4,2.607666666666671,2619405.1999999997
481.0,Train1,4506.74999999984,-1429052.9000000001
481.0,Train2,1206.0000000001587,52910.0
481.0,Train3,2489.8333333331702,111099.99999999999
481.0,Train4,2.592000000000006,2676029.5999999996
482.0,Train1,4518.749999999844,-1358390.0999999996
482.0,Train2,1206.0000000001587,52910.0
482.0,Train3,2506.142857142692,111099.99999999999
482.0,Train4,2.5758571428571506,2732804.9000000004
483.0,Train1,4530.22222222207,-1289029.5
483.0,Train2,1206.0000000001587,52910.0
483.0,Train3,2522.333333333166,111099.99999999999
483.0,Train4,2.5595000000000097,2789491.0999999996
484.0,Train1,4541.111111110962,-1220746.1999999997
484.0,Train2,1206.0000000001587,52910.0
484.0,Train3,2538.6666666664983,111099.99999999997
484.0,Train4,2.542666666666678,1010550.9000001114
485.0,Train1,4551.55555555541,-1153447.4999999998
485.0,Train2,1206.0000000001587,52910.0
485.0,Train3,2554.8571428569726,111099.99999999999
485.0,Train4,2.5255000000000134,115870.00000000003
486.0,Train1,4561.399999999859,-1087249.5999999999
486.0,Train2,1206.0000000001587,52910.0
486.0,Train3,2571.166666666494,111099.99999999999
486.0,Train4,2.5083333333333484,115870.00000000001
487.0,Train1,4570.727272727134,-1021791.7999999996
487.0,Train2,1206.0000000001587,52910.0
487.0,Train3,2587.4999999998263,111099.99999999999
487.0,Train4,2.4913333333333503,115870.0
488.0,Train1,4579.499999999864,-957075.8
488.0,Train2,1206.0000000001587,52910.0
488.0,Train3,2603.666666666491,111099.99999999999
488.0,Train4,2.4741666666666853,115870.0
489.0,Train1,4587.769230769098,-883368.1000000001
489.0,Train2,1206.0000000001587,52910.0
489.0,Train3,2619.9999999998226,111099.99999999999
489.0,Train4,2.4570000000000207,115869.99999999999
490.0,Train1,4595.499999999869,-800734.5999999994
490.0,Train2,1206.0000000001587,52910.0
490.0,Train3,2636.2857142855346,111099.99999999999
490.0,Train4,2.439833333333356,115869.99999999997
491.0,Train1,4602.666666666539,-720810.5999999999
491.0,Train2,1206.0000000001587,52910.0
491.0,Train3,2652.499999999819,111100.0
491.0,Train4,2.422833333333358,115870.0
492.0,Train1,4609.312499999874,-644192.1999999997
492.0,Train2,1206.0000000001587,52910.0
492.0,Train3,2668.8333333331507,111099.99999999999
492.0,Train4,2.405666666666693,115869.99999999999
493.0,Train1,4615.411764705758,-569609.8999999999
493.0,Train2,1206.0000000001587,52910.0
493.0,Train3,2684.9999999998154,111099.99999999999
493.0,Train4,2.388500000000028,115870.00000000003
494.0,Train1,4620.999999999878,-497715.39999999944
494.0,Train2,1206.0000000001587,52910.0
494.0,Train3,2701.3333333331466,111099.99999999999
494.0,Train4,2.3713333333333635,115870.00000000001
495.0,Train1,4626.047619047499,-430250.19999999995
495.0,Train2,1206.0000000001587,52910.0
495.0,Train3,2717.6666666664787,111100.0
495.0,Train4,2.3543333333333654,115870.0
496.0,Train1,4630.541666666548,-367152.90000000113
496.0,Train2,1206.0000000001587,52910.0
496.0,Train3,2733.8333333331434,111099.99999999999
496.0,Train4,2.3371666666667004,115870.0
497.0,Train1,4634.499999999882,-311276.09999999974
497.0,Train2,1206.0000000001587,52910.0
497.0,Train3,2750.1666666664746,-663491.399999925
497.0,Train4,2.320000000000036,115869.99999999999
498.0,Train1,4637.935483870851,-259307.79999999987
498.0,Train2,1206.0000000001587,52910.0
498.0,Train3,2766.3333333331393,-3434671.100000003
498.0,Train4,2.3028333333333713,115869.99999999997
499.0,Train1,4640.810810810695,-200917.50000000178
499.0,Train2,1206.0000000001587,52910.0
499.0,Train3,2781.9999999998045,-3197793.8
499.0,Train4,2.2858000000000396,115870.0
500.0,Train1,4643.187499999885,-127812.50000000001
500.0,Train2,1206.0000000001587,52910.0
500.0,Train3,2796.714285714089,-2966662.5000000005
500.0,Train4,2.268666666666708,115869.99999999999
501.0,Train1,4645.135593220225,-75184.79999999976
501.0,Train2,1206.0000000001587,52251.8000000006
501.0,Train3,2810.428571428373,-2739899.5999999996
501.0,Train4,2.2515000000000436,115870.00000000003
502.0,Train1,4646.710144927422,-42559.099999999926
502.0,Train2,1205.9885714287302,20000.0
502.0,Train3,2823.3749999997995,-2517516.8000000007
502.0,Train4,2.2343333333333786,115870.00000000001
503.0,Train1,4648.0105263156765,-16054.39999999996
503.0,Train2,1205.4171428573018,20000.0
503.0,Train3,2835.3749999997985,-2305154.3000000003
503.0,Train4,2.2173333333333805,115870.0
504.0,Train1,4649.049586776747,1110.0
504.0,Train2,1204.6301369864605,158283.20000000525
504.0,Train3,2846.4999999997976,-2100278.2
504.0,Train4,2.2001666666667155,115870.0
505.0,Train1,4649.876033057739,15662.00000000039
505.0,Train2,1203.018181818341,654688.0000000026
505.0,Train3,2856.7272727270692,-1902346.6999999995
505.0,Train4,2.183000000000051,-3257009.3999999827
506.0,Train1,4650.512048192659,20910.89999999997
506.0,Train2,1200.7297297298892,913659.1000000014
506.0,Train3,2866.0909090907044,-1709688.3000000005
506.0,Train4,2.166333333333386,-3503210.9000000013
507.0,Train1,4651.065068493039,32340.000000000004
507.0,Train2,1197.8000000001598,1113896.4999999993
507.0,Train3,2874.538461538256,-1506873.2999999996
507.0,Train4,2.150428571428626,-3266025.3
508.0,Train1,4651.407534246464,32340.000000000004
508.0,Train2,1194.192307692468,1298234.0999999985
508.0,Train3,2882.071428571222,-1284031.1000000003
508.0,Train4,2.1355000000000564,-3032894.799999999
509.0,Train1,4651.749999999888,35326.1999999998
509.0,Train2,1189.954545454706,1486090.9999999998
509.0,Train3,2888.7499999997926,-1074477.6000000015
509.0,Train4,2.121428571428629,-2805377.400000001
510.0,Train1,4652.056722688963,43400.0
510.0,Train2,1185.0526315791083,1665003.200000001
510.0,Train3,2894.526315789266,-879231.9999999998
510.0,Train4,2.108250000000059,-2581031.1999999997
511.0,Train1,4652.266806722577,43400.0
511.0,Train2,1179.5294117648677,1834136.4000000008
511.0,Train3,2899.4090909088827,-699792.1999999997
511.0,Train4,2.0960000000000605,-2365307.1
512.0,Train1,4652.476890756191,43400.0
512.0,Train2,1173.3333333334954,1996262.3999999992
512.0,Train3,2903.392857142648,-546768.1000000014
512.0,Train4,2.0846666666667284,-2159355.399999999
513.0,Train1,4652.6869747898045,43400.0
513.0,Train2,1166.5000000001633,2151511.300000001
513.0,Train3,2906.499999999791,-400626.2000000032
513.0,Train4,2.0741000000000627,-1958380.5000000005
514.0,Train1,4652.897058823418,43399.99999999999
514.0,Train2,1159.0000000001642,2306400.999999999
514.0,Train3,2908.7450980390063,-222316.69999999955
514.0,Train4,2.0645454545455184,-1765446.4999999981
515.0,Train2,1150.8333333334986,2477792.8000000003
515.0,Train3,2910.3124999997904,-116688.49999999689
515.0,Train4,2.0558333333333985,-1569248.9000000036
516.0,Train2,1142.090909091075,2651173.2
516.0,Train3,2911.394736841896,-62223.30000000298
516.0,Train4,2.0480000000000658,-1347466.7999999973
517.0,Train2,1132.6000000001668,2821392.799999998
517.0,Train3,2912.123505975886,-24570.0
517.0,Train4,2.041066666666733,-1134126.7000000004
518.0,Train2,1122.5000000001683,2988443.9000000022
518.0,Train3,2912.521912350388,-24570.0
518.0,Train4,2.0350555555556227,-934277.1999999991
519.0,Train2,1111.777777777947,3153179.9999999986
519.0,Train3,2912.92031872489,9925.99999999804
519.0,Train4,2.029909090909159,-749154.5999999974
520.0,Train2,1100.4444444446149,3314464.799999999
520.0,Train3,2913.2797202795105,18550.0
520.0,Train4,2.025666666666735,-588604.6000000034
521.0,Train2,1088.375000000172,3472842.4999999995
521.0,Train3,2913.629370629161,18550.0
521.0,Train4,2.022303030303099,-449115.7999999988
522.0,Train2,1075.714285714459,3628127.4999999995
522.0,Train3,2913.9790209788107,48940.200000001765
522.0,Train4,2.0198235294118336,-271400.199999996
523.0,Train2,1062.3750000001746,3779878.0999999996
523.0,Train3,2913.99999999979,50880.0
523.0,Train4,2.018064516129101,-139692.39999999915
524.0,Train2,1048.4285714287478,3928479.099999999
524.0,Train3,2913.99999999979,50880.0
524.0,Train4,2.0168608695652868,-78504.5000000005
525.0,Train2,1033.833333333511,4074035.8000000017
525.0,Train3,2913.99999999979,50880.0
525.0,Train4,2.015996015936324,-24500.0
526.0,Train2,1018.5000000001796,4216054.299999996
526.0,Train3,2913.99999999979,50880.0
526.0,Train4,2.0155976095618224,-24500.0
527.0,Train2,1002.5714285716101,4359372.4
527.0,Train3,2913.99999999979,50880.0
527.0,Train4,2.0151992031873203,-2950.0
528.0,Train2,986.0000000001833,4503252.499999999
528.0,Train3,2913.99999999979,50880.0
528.0,Train4,2.014825174825244,18600.0
529.0,Train2,968.8333333335185,4562231.1
529.0,Train3,2913.99999999979,50880.0
529.0,Train4,2.014475524475594,18600.0
530.0,Train2,951.0000000001868,612527.9000000609
530.0,Train3,2913.99999999979,50880.0
530.0,Train4,2.0141258741259436,39297.599999999555
531.0,Train2,932.8000000001892,122160.0
531.0,Train3,2913.99999999979,50880.0
531.0,Train4,2.0140000000000695,50940.0
532.0,Train2,914.600000000191,122160.00000000003
532.0,Train3,2913.99999999979,50880.0
532.0,Train4,2.0140000000000695,50940.0
533.0,Train2,896.4000000001928,122159.99999999999
533.0,Train3,2913.99999999979,50880.0
533.0,Train4,2.0140000000000695,50940.0
534.0,Train2,878.1666666668618,122160.0
534.0,Train3,2913.99999999979,50880.0
534.0,Train4,2.0140000000000695,50940.0
535.0,Train2,860.0000000001969,122159.99999999999
535.0,Train3,2913.99999999979,50880.0
535.0,Train4,2.0140000000000695,50940.0
536.0,Train2,841.8000000001991,122160.0
536.0,Train3,2913.99999999979,50880.0
536.0,Train4,2.0140000000000695,50940.0
537.0,Train2,823.6000000002009,122160.00000000003
537.0,Train3,2913.99999999979,50880.0
537.0,Train4,2.0140000000000695,50940.0
538.0,Train2,805.4000000002031,122160.00000000001
538.0,Train3,2913.99999999979,50880.0
538.0,Train4,2.0140000000000695,50940.0
539.0,Train2,787.2000000002051,122160.0
539.0,Train3,2913.99999999979,50880.0
539.0,Train4,2.0140000000000695,50940.0
540.0,Train2,769.0000000002069,122159.99999999999
540.0,Train3,2913.99999999979,50880.0
540.0,Train4,2.0140000000000695,50940.0
541.0,Train2,750.8000000002093,122160.0
541.0,Train3,2913.99999999979,50880.0
541.0,Train4,2.0140000000000695,50940.0
542.0,Train2,732.600000000211,122160.00000000003
542.0,Train3,2913.99999999979,50880.0
542.0,Train4,2.0140000000000695,50940.0
543.0,Train2,714.400000000213,122160.00000000001
543.0,Train3,2913.99999999979,50880.0
543.0,Train4,2.0140000000000695,50940.0
544.0,Train2,696.2000000002151,122160.00000000003
544.0,Train3,2913.99999999979,50880.0
544.0,Train4,2.0140000000000695,50940.0
545.0,Train2,678.0000000002169,122159.99999999999
545.0,Train3,2913.99999999979,50880.0
545.0,Train4,2.0140000000000695,50940.0
546.0,Train2,659.8000000002191,122160.0
546.0,Train3,2913.99999999979,50880.0
546.0,Train4,2.0140000000000695,50940.0
547.0,Train2,641.6000000002147,122160.00000000003
547.0,Train3,2913.99999999979,50880.0
547.0,Train4,2.0140000000000695,50940.0
548.0,Train2,623.4000000002085,122160.00000000001
548.0,Train3,2913.99999999979,50880.0
548.0,Train4,2.0140000000000695,50940.0
549.0,Train2,605.2000000002024,122160.00000000001
549.0,Train3,2913.99999999979,50880.0
549.0,Train4,2.0140000000000695,50940.0
550.0,Train2,587.0000000001965,122159.99999999999
550.0,Train3,2913.99999999979,50880.0
550.0,Train4,2.0140000000000695,50940.0
551.0,Train2,568.8000000001905,122160.0
551.0,Train3,2913.99999999979,50880.0
551.0,Train4,2.0140000000000695,50940.0
552.0,Train2,550.6000000001843,122160.00000000003
552.0,Train3,2913.99999999979,21852.799999998315
552.0,Train4,2.0140000000000695,50940.0
553.0,Train2,532.4000000001782,122160.00000000001
553.0,Train3,2914.4140969160894,20000.0
553.0,Train4,2.0140000000000695,50940.0
554.0,Train2,514.200000000172,122160.00000000001
554.0,Train3,2914.8546255504507,20000.0
554.0,Train4,2.0140000000000695,50940.0
555.0,Train2,496.00000000016644,122160.0
555.0,Train3,2915.7127659572366,122143.6000000012
555.0,Train4,2.0140000000000695,50940.0
556.0,Train2,477.83333333349344,122160.0
556.0,Train3,2917.0163934424127,330839.99999999837
556.0,Train4,2.0140000000000695,50940.0
557.0,Train2,459.6000000001537,122160.00000000003
557.0,Train3,2918.7547169809213,441088.4
557.0,Train4,2.0140000000000695,50940.0
558.0,Train2,441.4000000001477,122160.00000000001
558.0,Train3,2920.863636363426,540322.2000000008
558.0,Train4,2.0140000000000695,50940.0
559.0,Train2,423.20000000014187,345466.69999979687
559.0,Train3,2923.3783783781673,625282.2999999996
559.0,Train4,2.0140000000000695,50940.0
560.0,Train2,405.0000000001355,122370.00000000001
560.0,Train3,2926.2499999997885,703583.1000000025
560.0,Train4,2.0140000000000695,31138.400000000423
561.0,Train2,386.8000000001299,122370.0
561.0,Train3,2929.5517241377197,774040.4999999967
561.0,Train4,2.013718061674078,20000.0
562.0,Train2,368.6000000001237,122370.00000000001
562.0,Train3,2933.199999999788,838617.799999997
562.0,Train4,2.0132775330397172,20000.0
563.0,Train2,350.33333333345064,122370.00000000001
563.0,Train3,2937.2608695650047,900747.2000000003
563.0,Train4,2.012602150537704,80698.00000000752
564.0,Train2,332.00000000011096,122370.00000000001
564.0,Train3,2941.72727272706,959870.8000000002
564.0,Train4,2.0113888888889586,269579.2000000049
565.0,Train2,313.8333333334387,122370.0
565.0,Train3,2946.549999999787,1015337.9
565.0,Train4,2.0097962962963662,410501.69999999256
566.0,Train2,295.60000000009916,122370.0
566.0,Train3,2951.7777777775636,1070024.7000000004
566.0,Train4,2.00780000000007,512402.80000000005
567.0,Train2,277.40000000009314,122370.00000000003
567.0,Train3,2957.4117647056673,1129755.599999999
567.0,Train4,2.005410256410327,600577.6999999982
568.0,Train2,259.166666666754,122370.00000000001
568.0,Train3,2963.3749999997844,1190081.0999999996
568.0,Train4,2.0026363636364346,681387.2000000016
569.0,Train2,241.00000000008095,-2998926.9000001536
569.0,Train3,2969.799999999784,1249494.7999999998
569.0,Train4,1.9994666666667376,753411.1999999981
570.0,Train2,223.00000000007455,-3020221.8000000003
570.0,Train3,2976.5714285712115,1307075.6
570.0,Train4,1.9959230769231482,820106.8999999997
571.0,Train2,205.83333333340246,-2874673.600000001
571.0,Train3,2983.7142857140684,1363779.1
571.0,Train4,1.991958333333405,882578.7999999977
572.0,Train2,189.50000000006366,-2721426.8000000007
572.0,Train3,2991.2499999997817,1419279.8999999997
572.0,Train4,1.987636363636436,942496.2000000009
573.0,Train2,173.71428571434393,-2565796.9000000004
573.0,Train3,2999.23076923055,1478974.0000000005
573.0,Train4,1.982904761904835,999358.8
574.0,Train2,158.71428571433913,-2416091.7
574.0,Train3,3007.5454545452344,1542762.0000000002
574.0,Train4,1.977789473684284,1053647.0000000007
575.0,Train2,144.42857142862002,-2271919.6
575.0,Train3,3016.272727272506,1606119.0
575.0,Train4,1.9722941176471327,1111439.7000000004
576.0,Train2,130.85714285718728,-2131971.6
576.0,Train3,3025.363636363414,1669006.2999999998
576.0,Train4,1.9664375000000747,1172436.5000000007
577.0,Train2,118.00000000004002,-1995023.7999999975
577.0,Train3,3034.8181818179587,1731469.2000000002
577.0,Train4,1.9601333333334086,1232028.5999999999
578.0,Train2,105.87500000003547,-1862792.0000000007
578.0,Train3,3044.6999999997756,1793312.9999999995
578.0,Train4,1.953500000000076,1290277.1999999997
579.0,Train2,94.44444444447628,-1733077.199999999
579.0,Train3,3054.9999999997744,1854837.399999999
579.0,Train4,1.9464285714286482,1347057.5000000002
580.0,Train2,83.66666666669487,-1606151.800000002
580.0,Train3,3065.66666666644,1915679.5
580.0,Train4,1.9390000000000778,1402993.7000000007
581.0,Train2,73.63636363638877,-1482980.7000000004
581.0,Train3,3076.6666666664387,1975911.9000000001
581.0,Train4,1.931166666666745,1460259.8000000007
582.0,Train2,64.36363636365819,-1362789.4
582.0,Train3,3088.111111110882,2035847.1
582.0,Train4,1.9230000000000795,1524088.1999999995
583.0,Train2,55.7500000000191,-1240331.5999999994
583.0,Train3,3099.8749999997694,2095105.9000000001
583.0,Train4,1.9143636363637166,1587515.1999999995
584.0,Train2,47.92307692309336,-1096227.2999999998
584.0,Train3,3112.124999999768,2153936.9000000004
584.0,Train4,1.9053636363637179,1650380.3000000007
585.0,Train2,40.733333333347176,-956327.8000000006
585.0,Train3,3124.6249999997667,2212453.4000000004
585.0,Train4,1.8960000000000825,1713152.0999999992
586.0,Train2,34.3125000000116,-822951.1
586.0,Train3,3137.6249999997654,2271185.6
586.0,Train4,1.8862000000000836,1775233.9999999995
587.0,Train2,28.578947368431308,-697426.1000000025
587.0,Train3,3150.999999999764,2330202.6
587.0,Train4,1.8761000000000847,1836694.0999999999
588.0,Train2,23.57142857143699,-579554.299999997
588.0,Train3,3164.7142857140484,2389058.0999999996
588.0,Train4,1.8655555555556413,1897608.6000000003
589.0,Train2,19.280000000006368,-472399.49999999604
589.0,Train3,3178.8571428569035,2447625.4000000004
589.0,Train4,1.8546666666667537,1958181.0
590.0,Train2,15.687500000005434,-381566.50000000186
590.0,Train3,3193.428571428331,2505648.5
590.0,Train4,1.8433333333334216,2018138.0000000002
591.0,Train2,12.804878048785142,-274141.4999999926
591.0,Train3,3208.285714285472,2563163.8000000003
591.0,Train4,1.8316250000000895,2077632.0000000002
592.0,Train2,10.622641509437495,-162549.79999999813
592.0,Train3,3223.5714285711847,2620202.1999999993
592.0,Train4,1.8195000000000907,2136407.6999999993
593.0,Train2,8.933333333336972,-84832.0000000019
593.0,Train3,3239.2857142854687,2676840.0999999987
593.0,Train4,1.8071250000000922,2195062.0000000005
594.0,Train2,7.687500000002788,-43492.00000000288
594.0,Train3,3255.333333333086,2442585.3999999636
594.0,Train4,1.7942500000000936,1102755.3000000597
595.0,Train2,6.75000000000277,-20260.0
595.0,Train3,3271.8333333330843,112780.00000000003
595.0,Train4,1.7810000000000952,95810.0
596.0,Train2,6.014705882355657,8620.600000000535
596.0,Train3,3288.3333333330825,112780.00000000001
596.0,Train4,1.7678571428572394,95810.0
597.0,Train2,5.634328358211353,9210.0
597.0,Train3,3304.999999999747,112780.00000000001
597.0,Train4,1.754625000000098,95810.00000000001
598.0,Train2,5.261194029852813,16514.999999998894
598.0,Train3,3321.4999999997453,112780.00000000001
598.0,Train4,1.7414285714286708,95809.99999999999
599.0,Train2,4.916897506927037,33560.0
599.0,Train3,3337.9999999997435,112780.00000000001
599.0,Train4,1.7282500000001009,95810.0
600.0,Train2,4.639889196677722,33560.0
600.0,Train3,3354.666666666408,112780.00000000001
600.0,Train4,1.7150000000001024,95810.0
601.0,Train2,4.362880886428407,33560.0
601.0,Train3,3371.1666666664064,112780.00000000001
601.0,Train4,1.7018571428572467,95810.0
602.0,Train2,4.085872576179091,45455.60000000094
602.0,Train3,3387.8333333330716,112780.00000000001
602.0,Train4,1.6886250000001053,95810.0
603.0,Train2,4.000000000001819,50800.0
603.0,Train3,3404.3333333330693,112780.00000000001
603.0,Train4,1.675428571428678,95810.0
604.0,Train2,4.000000000001819,50800.0
604.0,Train3,3420.9999999997344,112780.00000000001
604.0,Train4,1.6622500000001081,95809.99999999999
605.0,Train2,4.000000000001819,50800.0
605.0,Train3,3437.4999999997326,-151858.8999997593
605.0,Train4,1.6490000000001097,95810.0
606.0,Train2,4.000000000001819,50800.0
606.0,Train3,3454.1666666663973,266172.4000004588
606.0,Train4,1.635857142857254,95810.00000000001
607.0,Train2,4.000000000001819,50800.0
607.0,Train3,3470.6666666663955,112440.0
607.0,Train4,1.6226250000001126,95810.00000000001
608.0,Train2,4.000000000001819,50800.0
608.0,Train3,3487.1666666663937,112440.0
608.0,Train4,1.609375000000114,95810.0
609.0,Train2,4.000000000001819,50800.0
609.0,Train3,3503.666666666392,112440.0
609.0,Train4,1.5962500000001154,95810.00000000001
610.0,Train2,4.000000000001819,50800.0
610.0,Train3,3520.16666666639,112440.0
610.0,Train4,1.5830000000001168,95809.99999999999
611.0,Train2,4.000000000001819,50800.0
611.0,Train3,3536.666666666388,112440.0
611.0,Train4,1.5697500000001183,95810.00000000001
612.0,Train2,4.000000000001819,50800.0
612.0,Train3,3553.1666666663864,112440.0
612.0,Train4,1.5565714285715484,95810.0
613.0,Train2,4.000000000001819,50800.0
613.0,Train3,3569.6666666663846,112440.0
613.0,Train4,1.5433750000001212,95810.0
614.0,Train2,4.000000000001819,50800.0
614.0,Train3,3586.1666666663828,112440.0
614.0,Train4,1.5301428571429798,95810.0
615.0,Train2,4.000000000001819,50800.0
615.0,Train3,3602.666666666381,112440.0
615.0,Train4,1.517000000000124,95810.0
616.0,Train2,4.000000000001819,50800.0
616.0,Train3,3619.166666666379,112440.0
616.0,Train4,1.5037500000001256,95810.00000000001
617.0,Train2,4.000000000001819,50800.0
617.0,Train3,3635.8333333330443,112440.0
617.0,Train4,1.4905714285715557,95810.00000000001
618.0,Train2,4.000000000001819,50800.0
618.0,Train3,3652.333333333042,112440.0
618.0,Train4,1.4773750000001284,95810.0
619.0,Train2,4.000000000001819,50800.0
619.0,Train3,3668.8333333330406,112440.0
619.0,Train4,1.464142857142987,95810.00000000001
620.0,Train2,4.000000000001819,50800.0
620.0,Train3,3685.3333333330384,112440.00000000001
620.0,Train4,1.4510000000001313,95810.0
621.0,Train2,4.000000000001819,50800.0
621.0,Train3,3701.833333333037,112440.0
621.0,Train4,1.4377500000001329,95809.99999999999
622.0,Train2,4.000000000001819,50800.0
622.0,Train3,3718.3333333330347,112440.0
622.0,Train4,1.424571428571563,95810.00000000001
623.0,Train2,4.000000000001819,50800.0
623.0,Train3,3734.8333333330334,112440.0
623.0,Train4,1.4113750000001357,95809.99999999999
624.0,Train2,4.000000000001819,50800.0
624.0,Train3,3751.333333333031,112440.0
624.0,Train4,1.3981428571429946,95810.00000000001
625.0,Train2,4.000000000001819,50800.0
625.0,Train3,3767.8333333330297,112440.0
625.0,Train4,1.3850000000001386,95810.0
626.0,Train2,4.000000000001819,50800.0
626.0,Train3,3784.3333333330274,112440.0
626.0,Train4,1.3717500000001401,95810.0
627.0,Train2,4.000000000001819,50800.0
627.0,Train3,3800.833333333026,112440.0
627.0,Train4,1.3585000000001415,95810.00000000001
628.0,Train2,4.000000000001819,50800.0
628.0,Train3,3817.4999999996908,112440.0
628.0,Train4,1.345375000000143,95810.00000000001
629.0,Train2,4.000000000001819,50800.0
629.0,Train3,3833.999999999689,112440.0
629.0,Train4,1.3321250000001446,95810.00000000001
630.0,Train2,4.000000000001819,50800.0
630.0,Train3,3850.499999999687,112440.0
630.0,Train4,1.318875000000146,38194.60000005239
631.0,Train2,4.000000000001819,50800.0
631.0,Train3,3866.9999999996853,112440.0
631.0,Train4,1.3057500000001474,-2680466.6000000015
632.0,Train2,4.000000000001819,50800.0
632.0,Train3,3883.4999999996835,112440.0
632.0,Train4,1.293000000000149,-2460757.0
633.0,Train2,4.000000000001819,50800.0
633.0,Train3,3899.9999999996817,112440.0
633.0,Train4,1.28125000000015,-2250468.700000003
634.0,Train2,4.000000000001819,50800.0
634.0,Train3,3916.49999999968,112440.0
634.0,Train4,1.2704000000001514,-2047739.8999999985
635.0,Train2,4.000000000001819,50800.0
635.0,Train3,3932.999999999678,112440.0
635.0,Train4,1.2604000000001525,-1851491.5999999999
636.0,Train2,4.000000000001819,50800.0
636.0,Train3,3949.499999999676,112440.0
636.0,Train4,1.2512727272728805,-1660361.7999999977
637.0,Train2,4.000000000001819,50800.0
637.0,Train3,3965.9999999996744,112440.0
637.0,Train4,1.2430769230770775,-1446922.1999999983
638.0,Train2,4.000000000001819,50800.0
638.0,Train3,3982.4999999996726,112440.0
638.0,Train4,1.2357333333334888,-1228279.2000000016
639.0,Train2,4.000000000001819,50800.0
639.0,Train3,3999.1428571425276,112440.0
639.0,Train4,1.2293125000001557,-1022169.7999999974
640.0,Train2,4.000000000001819,50800.0
640.0,Train3,4015.6666666663423,112440.0
640.0,Train4,1.2237500000001567,-830816.9999999956
641.0,Train2,4.000000000001819,50800.0
641.0,Train3,4032.1666666663477,112440.0
641.0,Train4,1.219125000000157,-656007.2999999947
642.0,Train2,4.000000000001819,50800.0
642.0,Train3,4048.666666666353,112440.0
642.0,Train4,1.2153666666668241,-510941.2000000013
643.0,Train2,4.000000000001819,50800.0
643.0,Train3,4065.1666666663587,112440.0
643.0,Train4,1.212512195122109,-350658.1000000086
644.0,Train2,4.000000000001819,50800.0
644.0,Train3,4081.6666666663646,112440.0
644.0,Train4,1.2104561403510352,-195703.00000000052
645.0,Train2,4.000000000001819,50800.0
645.0,Train3,4098.1666666663705,112440.0
645.0,Train4,1.2089800000001583,-99895.60000000108
646.0,Train2,4.000000000001819,50800.0
646.0,Train3,4114.666666666376,112440.0
646.0,Train4,1.2079881656806317,-41860.0
647.0,Train2,4.000000000001819,50800.0
647.0,Train3,4131.166666666381,112440.0
647.0,Train4,1.2073964497043004,-26587.600000003367
648.0,Train2,4.000000000001819,50800.0
648.0,Train3,4147.666666666387,112440.0
648.0,Train4,1.2068910891090694,4420.0
649.0,Train2,4.000000000001819,50800.0
649.0,Train3,4164.166666666392,112440.0
649.0,Train4,1.206561056105769,4420.0
650.0,Train2,4.000000000001819,50800.0
650.0,Train3,4180.714285714016,112440.0
650.0,Train4,1.2062310231024687,15324.999999998348
651.0,Train2,4.000000000001819,50800.0
651.0,Train3,4197.333333333069,112440.0
651.0,Train4,1.2060000000001585,40770.0
652.0,Train2,4.000000000001819,50800.0
652.0,Train3,4213.833333333075,112440.0
652.0,Train4,1.2060000000001585,40770.0
653.0,Train2,4.000000000001819,50800.0
653.0,Train3,4230.333333333081,112440.00000000001
653.0,Train4,1.2060000000001585,40770.0
654.0,Train2,4.000000000001819,50800.0
654.0,Train3,4246.833333333086,112440.0
654.0,Train4,1.2060000000001585,40770.0
655.0,Train2,4.000000000001819,50800.0
655.0,Train3,4263.333333333092,112440.0
655.0,Train4,1.2060000000001585,40770.0
656.0,Train2,4.000000000001819,50800.0
656.0,Train3,4279.8333333330975,112440.0
656.0,Train4,1.2060000000001585,40770.0
657.0,Train2,4.000000000001819,50800.0
657.0,Train3,4296.333333333103,112440.0
657.0,Train4,1.2060000000001585,40770.0
658.0,Train2,4.000000000001819,50800.0
658.0,Train3,4312.833333333108,112440.0
658.0,Train4,1.2060000000001585,40770.0
659.0,Train2,4.000000000001819,50800.0
659.0,Train3,4329.333333333114,112440.0
659.0,Train4,1.2060000000001585,40770.0
660.0,Train2,4.000000000001819,50800.0
660.0,Train3,4345.833333333119,112440.0
660.0,Train4,1.2060000000001585,40770.0
661.0,Train2,4.000000000001819,50800.0
661.0,Train3,4362.333333333125,112440.0
661.0,Train4,1.2060000000001585,40770.0
662.0,Train2,4.000000000001819,50800.0
662.0,Train3,4378.999999999797,112440.0
662.0,Train4,1.2060000000001585,40770.0
663.0,Train3,4395.499999999803,112440.0
663.0,Train4,1.2060000000001585,40770.0
664.0,Train3,4411.999999999808,112440.0
664.0,Train4,1.2060000000001585,40770.0
665.0,Train3,4428.499999999814,112440.0
665.0,Train4,1.2060000000001585,40770.0
666.0,Train3,4444.999999999819,112440.0
666.0,Train4,1.2060000000001585,40770.0
667.0,Train3,4461.4999999998245,112440.0
667.0,Train4,1.2060000000001585,40770.0
668.0,Train3,4477.99999999983,112440.0
668.0,Train4,1.2060000000001585,40770.0
669.0,Train3,4494.499999999835,-2799527.8999998607
669.0,Train4,1.2060000000001585,40770.0
670.0,Train3,4510.714285714126,-3361968.399999999
670.0,Train4,1.2060000000001585,40770.0
671.0,Train3,4525.999999999846,-3126945.7999999993
671.0,Train4,1.2060000000001585,40770.0
672.0,Train3,4540.428571428422,-2897346.3000000003
672.0,Train4,1.2060000000001585,40770.0
673.0,Train3,4553.999999999855,-2671533.7999999993
673.0,Train4,1.2060000000001585,40770.0
674.0,Train3,4566.62499999986,-2451628.100000001
674.0,Train4,1.2060000000001585,40770.0
675.0,Train3,4578.333333333197,-2242319.6999999997
675.0,Train4,1.2060000000001585,40770.0
676.0,Train3,4589.199999999867,-2039133.1
676.0,Train4,1.2060000000001585,40770.0
677.0,Train3,4599.181818181689,-1843005.0000000007
677.0,Train4,1.2060000000001585,40770.0
678.0,Train3,4608.249999999874,-1651953.8999999978
678.0,Train4,1.2060000000001585,40770.0
679.0,Train3,4616.384615384492,-1438306.8999999962
679.0,Train4,1.2060000000001585,40770.0
680.0,Train3,4623.714285714164,-1219353.8999999992
680.0,Train4,1.2060000000001585,34539.000000000946
681.0,Train3,4630.117647058704,-1013188.9999999981
681.0,Train4,1.2058678414098503,20000.0
682.0,Train3,4635.599999999883,-823266.899999999
682.0,Train4,1.2054273127754889,20000.0
683.0,Train3,4640.2083333332175,-650876.2000000051
683.0,Train4,1.2049680851065416,32415.499999988708
684.0,Train3,4643.9310344826445,-505013.59999999765
684.0,Train4,1.2038750000001588,211233.70000000065
685.0,Train3,4646.749999999886,-343951.59999999497
685.0,Train4,1.2023934426231098,369781.0000000004
686.0,Train3,4648.781818181706,-183672.9999999956
686.0,Train4,1.200530612245057,477740.19999999856
687.0,Train3,4650.191489361589,-96359.99999999945
687.0,Train4,1.1982857142858736,571057.2
688.0,Train3,4651.157894736731,-49810.0
688.0,Train4,1.1956285714287311,654328.0000000008
689.0,Train3,4651.815789473572,-15379.599999998694
689.0,Train4,1.1926129032259665,729297.799999999
690.0,Train3,4652.236065573658,-1990.0
690.0,Train4,1.1891785714287317,798292.4000000046
691.0,Train3,4652.563934426118,-1990.0
691.0,Train4,1.1853600000001605,860730.2000000043
692.0,Train3,4652.891803278577,-1990.0
692.0,Train4,1.1811739130436394,922318.6999999991
693.0,Train4,1.176600000000162,979980.7000000002
694.0,Train4,1.171631578947531,1034936.9999999998
695.0,Train4,1.1662777777779403,1090491.6000000003
696.0,Train4,1.1605000000001635,1151470.1000000008
697.0,Train4,1.154375000000164,1211408.5000000002
698.0,Train4,1.1478571428573079,1270175.5999999996
699.0,Train4,1.1409285714287372,1327637.2999999993
700.0,Train4,1.133615384615551,1383632.2999999998
701.0,Train4,1.1259230769232442,1439631.2999999993
702.0,Train4,1.1178333333335018,1501969.2000000002
703.0,Train4,1.1093636363638055,1565552.4
704.0,Train4,1.1005454545456246,1628681.0999999996
705.0,Train4,1.0913000000001711,1691462.0999999994
706.0,Train4,1.0817000000001722,1753685.9
707.0,Train4,1.07166666666684,1815473.0
708.0,Train4,1.0612222222223966,1876643.5
709.0,Train4,1.0504444444446202,1937418.7000000004
710.0,Train4,1.0393333333335102,1997467.2999999998
711.0,Train4,1.0277500000001782,2057065.3000000012
712.0,Train4,1.0157500000001796,2116189.500000001
713.0,Train4,1.0035000000001808,2174764.4
714.0,Train4,0.9907500000001822,2233512.7000000007
715.0,Train4,0.9776250000001836,2292223.1
716.0,Train4,0.9641428571430424,2351345.5000000005
717.0,Train4,0.9502857142859009,2410041.8000000003
718.0,Train4,0.9360000000001882,2468486.5
719.0,Train4,0.9212857142859041,2526264.8
720.0,Train4,0.9062857142859058,2583687.800000001
721.0,Train4,0.8908333333335265,2640516.9
722.0,Train4,0.875000000000195,2697161.7
723.0,Train4,0.8588333333335301,2754067.1999999993
724.0,Train4,0.8421666666668652,2810638.7000000007
725.0,Train4,0.8253333333335338,2854889.3999999994
726.0,Train4,0.8078333333335357,2870204.9999999995
727.0,Train4,0.790166666666871,2882400.3
728.0,Train4,0.7720000000002064,2892676.4000000004
729.0,Train4,0.7536000000002083,2901137.7999999993
730.0,Train4,0.7348000000002104,2907870.1999999993
731.0,Train4,0.7156000000002125,2912976.0
732.0,Train4,0.6960000000002147,2916532.4999999995
733.0,Train4,0.676000000000217,2918598.5000000005
734.0,Train4,0.655800000000219,2919266.7000000007
735.0,Train4,0.6352000000002122,2918605.6999999993
736.0,Train4,0.6144000000002052,2916685.2999999993
737.0,Train4,0.5932000000001981,2913566.7000000007
738.0,Train4,0.5716000000001908,2909313.4
739.0,Train4,0.5497500000001837,2903980.6999999997
740.0,Train4,0.5275000000001762,2897632.9999999995
741.0,Train4,0.5050000000001686,1741953.3999998008
742.0,Train4,0.48225000000016105,153850.0
743.0,Train4,0.45950000000015345,153850.0
744.0,Train4,0.43675000000014585,-3344443.6000004355
745.0,Train4,0.4142000000001383,344614.2000001357
746.0,Train4,0.3920000000001309,149549.99999999997
747.0,Train4,0.3697500000001235,149550.0
748.0,Train4,0.34750000000011605,149549.99999999997
749.0,Train4,0.3252500000001086,149550.0
750.0,Train4,0.3030000000001012,-377466.4000001205
751.0,Train4,0.28080000000009375,-4992405.499999999
752.0,Train4,0.2592000000000866,-4760049.399999999
753.0,Train4,0.2384000000000796,-4527747.800000001
754.0,Train4,0.218600000000073,-4297173.6
755.0,Train4,0.19960000000006667,-4069221.7000000007
756.0,Train4,0.1815000000000606,-3844157.8999999994
757.0,Train4,0.1643333333333882,-3620805.2999999993
758.0,Train4,0.14800000000004943,-3385897.699999998
759.0,Train4,0.13266666666671098,-3150837.700000001
760.0,Train4,0.1181428571428966,-2920232.899999999
761.0,Train4,0.1045000000000349,-2694099.600000001
762.0,Train4,0.09175000000003064,-2473793.4999999967
763.0,Train4,0.08000000000002672,-2262846.100000002
764.0,Train4,0.06900000000002306,-2059644.5999999992
765.0,Train4,0.0590000000000197,-1862823.6000000015
766.0,Train4,0.049818181818198456,-1671452.8999999987
767.0,Train4,0.04153846153847541,-1460864.4999999993
768.0,Train4,0.03414285714286843,-1240997.700000001
769.0,Train4,0.02768750000000947,-1034575.1999999981
770.0,Train4,0.022100000000007267,-841254.3000000039
771.0,Train4,0.0173913043478317,-665993.6999999902
772.0,Train4,0.013566666666671312,-519562.6000000038
773.0,Train4,0.01065853658536942,-361293.3999999985
774.0,Train4,0.00856140350877474,-202052.39999999438
775.0,Train4,0.007068493150687228,-104424.99999999668
776.0,Train4,0.006040404040406021,-43985.999999997846
777.0,Train4,0.0054352941176488674,-29595.00000000042
778.0,Train4,0.0049144736842121695,4630.0
779.0,Train4,0.004585526315791003,4630.0
780.0,Train4,0.004256578947369837,12611.60000000099
781.0,Train4,0.004000000000001336,40910.0
782.0,Train4,0.004000000000001336,40910.0
783.0,Train4,0.004000000000001336,40910.0
784.0,Train4,0.004000000000001336,40910.0
785.0,Train4,0.004000000000001336,40910.0
786.0,Train4,0.004000000000001336,40910.0
787.0,Train4,0.004000000000001336,40910.0
788.0,Train4,0.004000000000001336,40910.0
789.0,Train4,0.004000000000001336,40910.0
790.0,Train4,0.004000000000001336,40910.0
791.0,Train4,0.004000000000001336,40910.0
792.0,Train4,0.004000000000001336,40910.0
793.0,Train4,0.004000000000001336,40910.0
794.0,Train4,0.004000000000001336,40910.0
795.0,Train4,0.004000000000001336,40910.0
796.0,Train4,0.004000000000001336,40910.0
797.0,Train4,0.004000000000001336,40910.0
798.0,Train4,0.004000000000001336,40910.0
799.0,Train4,0.004000000000001336,40910.0
800.0,Train4,0.004000000000001336,40910.0
801.0,Train4,0.004000000000001336,40910.0
802.0,Train4,0.004000000000001336,40910.0
803.0,Train4,0.004000000000001336,40910.0
804.0,Train4,0.004000000000001336,40910.0
805.0,Train4,0.004000000000001336,40910.0
806.0,Train4,0.004000000000001336,40910.0
807.0,Train4,0.004000000000001336,40910.0
808.0,Train4,0.004000000000001336,40910.0
809.0,Train4,0.004000000000001336,40910.0
810.0,Train4,0.004000000000001336,40910.0
811.0,Train4,0.004000000000001336,40910.0
812.0,Train4,0.004000000000001336,40910.0
813.0,Train4,0.004000000000001336,40910.0
814.0,Train4,0.004000000000001336,40910.0
815.0,Train4,0.004000000000001336,40910.0
816.0,Train4,0.004000000000001336,40910.0
817.0,Train4,0.004000000000001336,40910.0
818.0,Train4,0.004000000000001336,40910.0
819.0,Train4,0.004000000000001336,40910.0
820.0,Train4,0.004000000000001336,40910.0
821.0,Train4,0.004000000000001336,40910.0
822.0,Train4,0.004000000000001336,40910.0
823.0,Train4,0.004000000000001336,40910.0
824.0,Train4,0.004000000000001336,40910.0
825.0,Train4,0.004000000000001336,40910.0
826.0,Train4,0.004000000000001336,40910.0
827.0,Train4,0.004000000000001336,40910.0
828.0,Train4,0.004000000000001336,40910.0
829.0,Train4,0.004000000000001336,40910.0
830.0,Train4,0.004000000000001336,40910.0
831.0,Train4,0.004000000000001336,40910.0
832.0,Train4,0.004000000000001336,40910.0
833.0,Train4,0.004000000000001336,40910.0
834.0,Train4,0.004000000000001336,40910.0
835.0,Train4,0.004000000000001336,40910.0
836.0,Train4,0.004000000000001336,40910.0
837.0,Train4,0.004000000000001336,40910.0
838.0,Train4,0.004000000000001336,40910.0
839.0,Train4,0.004000000000001336,40910.0
840.0,Train4,0.004000000000001336,40910.0
